/*
 Navicat Premium Data Transfer

 Source Server         : localhost
 Source Server Type    : MySQL
 Source Server Version : 50719
 Source Host           : localhost:3306
 Source Schema         : febs_base

 Target Server Type    : MySQL
 Target Server Version : 50719
 File Encoding         : 65001

 Date: 28/05/2020 15:03:01
*/

SET NAMES utf8mb4;
SET FOREIGN_KEY_CHECKS = 0;

-- ----------------------------
-- Table structure for attendance
-- ----------------------------
DROP TABLE IF EXISTS `attendance`;
CREATE TABLE `attendance`  (
  `id` varchar(255) CHARACTER SET utf8 COLLATE utf8_general_ci NOT NULL COMMENT 'id',
  `createdTime` datetime(0) NULL DEFAULT NULL COMMENT '数据创建时间',
  `address` varchar(255) CHARACTER SET utf8 COLLATE utf8_general_ci NULL DEFAULT NULL COMMENT '打卡位置',
  `baseMacAddr` varchar(255) CHARACTER SET utf8 COLLATE utf8_general_ci NULL DEFAULT NULL COMMENT '考勤机的mac地址',
  `checkTime` datetime(0) NULL DEFAULT NULL COMMENT '打卡时间',
  `corpId` varchar(255) CHARACTER SET utf8 COLLATE utf8_general_ci NULL DEFAULT NULL COMMENT '企业cordid',
  `latitude` double(30, 6) NULL DEFAULT NULL COMMENT '经度数据',
  `bizId` varchar(255) CHARACTER SET utf8 COLLATE utf8_general_ci NULL DEFAULT NULL COMMENT '数据id',
  `locationMethod` varchar(255) CHARACTER SET utf8 COLLATE utf8_general_ci NULL DEFAULT NULL COMMENT '打卡方式',
  `deviceName` varchar(255) CHARACTER SET utf8 COLLATE utf8_general_ci NULL DEFAULT NULL COMMENT '考勤机设备名称',
  `deviceSN` varchar(255) CHARACTER SET utf8 COLLATE utf8_general_ci NULL DEFAULT NULL COMMENT '考勤机设备SN',
  `userId` varchar(255) CHARACTER SET utf8 COLLATE utf8_general_ci NULL DEFAULT NULL COMMENT '打卡人员系统id',
  `sourceUserId` varchar(255) CHARACTER SET utf8 COLLATE utf8_general_ci NULL DEFAULT NULL COMMENT '打卡人员钉钉id'
) ENGINE = InnoDB CHARACTER SET = utf8 COLLATE = utf8_general_ci ROW_FORMAT = Dynamic;

-- ----------------------------
-- Records of attendance
-- ----------------------------
INSERT INTO `attendance` VALUES ('ac0303b0c2c2449e906b76bc7570b3f5', '2020-04-24 17:16:52', '安徽省合肥市蜀山区高新技术产业开发区老乡鸡(创新产业园店)合肥创新产业园2期', NULL, '2020-04-24 17:16:40', 'ding73b7db4ffb45819f35c2f4657eb6378f', 31.837467, '473A6C1EFD33CCA6473199B9D8508870', 'MAP', NULL, NULL, '91544f217c7d479f9bb83d39f36c7f4d', '2507640341938140');
INSERT INTO `attendance` VALUES ('7653699c056847ad84cffd7a1e3940a3', '2020-04-24 17:17:25', '安徽网钉企业服务中心_01701', NULL, '2020-04-24 17:16:42', 'ding73b7db4ffb45819f35c2f4657eb6378f', NULL, '626FC53E01882D4B9E58852FEF1D4031', 'ATM', '安徽网钉企业服务中心_01701', NULL, '29064e459ca046429371b9bba4639c35', '235823231420960822');
INSERT INTO `attendance` VALUES ('1994e06e1c0645658019b3e5447dbc10', '2020-04-24 17:18:28', '安徽网钉企业服务中心_01701', NULL, '2020-04-24 17:16:42', 'ding73b7db4ffb45819f35c2f4657eb6378f', NULL, 'D6F372F2C8F88D20EF887A96559FE8B1', 'ATM', '安徽网钉企业服务中心_01701', NULL, '7aec292bb1034916ba0c329d3b1a3db1', '2254632830969411');
INSERT INTO `attendance` VALUES ('4d7c485bf8084b05a3b76ffe00e25e4e', '2020-05-21 10:33:49', '安徽网钉企业服务中心_03011', '18:bc:5a:93:22:82', '2020-05-21 10:33:37', 'ding73b7db4ffb45819f35c2f4657eb6378f', NULL, '634EBDAA586D7CA4AD2EBC8F49EBEB9F', 'ATM', '安徽网钉企业服务中心_03011', '0701AME190201N003011', '29064e459ca046429371b9bba4639c35', '235823231420960822');
INSERT INTO `attendance` VALUES ('43ced75f81134d33b637ee39d1e2a8ab', '2020-05-21 10:34:15', '安徽网钉企业服务中心_03011', '18:bc:5a:93:22:82', '2020-05-21 10:34:16', 'ding73b7db4ffb45819f35c2f4657eb6378f', NULL, '5D1AC8752F2906739071C5F1855B5633', 'ATM', '安徽网钉企业服务中心_03011', '0701AME190201N003011', '29064e459ca046429371b9bba4639c35', '235823231420960822');
INSERT INTO `attendance` VALUES ('7103ee31f7b14d2ea3173ccd5c253de1', '2020-05-21 10:38:06', '安徽网钉企业服务中心_03011', '18:bc:5a:93:22:82', '2020-05-21 10:38:04', 'ding73b7db4ffb45819f35c2f4657eb6378f', NULL, '33DDF5B94723CC2E9CA7B53540EFAA20', 'ATM', '安徽网钉企业服务中心_03011', '0701AME190201N003011', '29064e459ca046429371b9bba4639c35', '235823231420960822');
INSERT INTO `attendance` VALUES ('e5f9d92873cb47a2928b5a5d125961a3', '2020-05-25 10:39:59', '安徽网钉企业服务中心_03011', '18:bc:5a:93:22:82', '2020-05-25 10:39:47', 'ding73b7db4ffb45819f35c2f4657eb6378f', NULL, '248AC9D93E1297332ADD6DD1E1EE282F', 'ATM', '安徽网钉企业服务中心_03011', '0701AME190201N003011', '29064e459ca046429371b9bba4639c35', '235823231420960822');
INSERT INTO `attendance` VALUES ('def1fad749654c6cb47f0dbd3723da69', '2020-05-25 10:41:44', '安徽网钉企业服务中心_03011', '18:bc:5a:93:22:82', '2020-05-25 10:41:43', 'ding73b7db4ffb45819f35c2f4657eb6378f', NULL, '9DFBD0478BCBF9FE99EF4443A362C5B7', 'ATM', '安徽网钉企业服务中心_03011', '0701AME190201N003011', '29064e459ca046429371b9bba4639c35', '235823231420960822');
INSERT INTO `attendance` VALUES ('36b3aa30d5474ee69c4a086a3b645c29', '2020-05-25 10:42:05', '安徽网钉企业服务中心_03011', '18:bc:5a:93:22:82', '2020-05-25 10:42:05', 'ding73b7db4ffb45819f35c2f4657eb6378f', NULL, 'B7CB6F5941ED5E4B2DB5BF245B960362', 'ATM', '安徽网钉企业服务中心_03011', '0701AME190201N003011', '29064e459ca046429371b9bba4639c35', '235823231420960822');
INSERT INTO `attendance` VALUES ('7e4f603c3c8247ca9361991933177a83', '2020-05-25 10:44:38', '安徽网钉企业服务中心_03011', '18:bc:5a:93:22:82', '2020-05-25 10:44:35', 'ding73b7db4ffb45819f35c2f4657eb6378f', NULL, '30D096C1FF7AEBE9E83032334AD547B4', 'ATM', '安徽网钉企业服务中心_03011', '0701AME190201N003011', '29064e459ca046429371b9bba4639c35', '235823231420960822');
INSERT INTO `attendance` VALUES ('2ed8118420494f569077dea258d7e2bd', '2020-05-25 10:44:47', '安徽网钉企业服务中心_03011', '18:bc:5a:93:22:82', '2020-05-25 10:44:35', 'ding73b7db4ffb45819f35c2f4657eb6378f', NULL, '30D096C1FF7AEBE9E83032334AD547B4', 'ATM', '安徽网钉企业服务中心_03011', '0701AME190201N003011', '29064e459ca046429371b9bba4639c35', '235823231420960822');
INSERT INTO `attendance` VALUES ('bd942836d3bf47b4ae86584fa7268b09', '2020-05-25 10:45:04', '安徽网钉企业服务中心_03011', '18:bc:5a:93:22:82', '2020-05-25 10:45:04', 'ding73b7db4ffb45819f35c2f4657eb6378f', NULL, 'FD15B8C3B1069DCE35138FFCA4509504', 'ATM', '安徽网钉企业服务中心_03011', '0701AME190201N003011', '29064e459ca046429371b9bba4639c35', '235823231420960822');
INSERT INTO `attendance` VALUES ('8ed593a1bc524d0baab4a0a3cc526878', '2020-05-25 10:57:48', '安徽网钉企业服务中心_03011', '18:bc:5a:93:22:82', '2020-05-25 10:57:46', 'ding73b7db4ffb45819f35c2f4657eb6378f', NULL, 'CC658080C5802D7E1E2ED39482C80FA8', 'ATM', '安徽网钉企业服务中心_03011', '0701AME190201N003011', '29064e459ca046429371b9bba4639c35', '235823231420960822');
INSERT INTO `attendance` VALUES ('76bae85f166048adb218bad21ae356ae', '2020-05-25 10:57:58', '安徽网钉企业服务中心_03011', '18:bc:5a:93:22:82', '2020-05-25 10:57:46', 'ding73b7db4ffb45819f35c2f4657eb6378f', NULL, 'CC658080C5802D7E1E2ED39482C80FA8', 'ATM', '安徽网钉企业服务中心_03011', '0701AME190201N003011', '29064e459ca046429371b9bba4639c35', '235823231420960822');
INSERT INTO `attendance` VALUES ('a7333dfde3944859ae1fa48c7bc7728a', '2020-05-25 10:58:26', '安徽网钉企业服务中心_03011', '18:bc:5a:93:22:82', '2020-05-25 10:58:26', 'ding73b7db4ffb45819f35c2f4657eb6378f', NULL, '928556477639541A2A06450A79E462B7', 'ATM', '安徽网钉企业服务中心_03011', '0701AME190201N003011', '29064e459ca046429371b9bba4639c35', '235823231420960822');
INSERT INTO `attendance` VALUES ('f664e6b641024e858fe6506f1d4c0f46', '2020-05-25 11:17:31', '安徽网钉企业服务中心_03011', '18:bc:5a:93:22:82', '2020-05-25 11:17:30', 'ding73b7db4ffb45819f35c2f4657eb6378f', NULL, '96FDF1B9292829AE965BE4B4C25BE668', 'ATM', '安徽网钉企业服务中心_03011', '0701AME190201N003011', '29064e459ca046429371b9bba4639c35', '235823231420960822');
INSERT INTO `attendance` VALUES ('6a6e8ac79a39400bb0f929cc81db79fb', '2020-05-25 13:59:19', '安徽网钉企业服务中心_03011', '18:bc:5a:93:22:82', '2020-05-25 13:59:16', 'ding73b7db4ffb45819f35c2f4657eb6378f', NULL, '4E67FC3C15B180148FD7D97E83D0442B', 'ATM', '安徽网钉企业服务中心_03011', '0701AME190201N003011', '29064e459ca046429371b9bba4639c35', '235823231420960822');
INSERT INTO `attendance` VALUES ('7d82b4ab13bb4696ba47d0201e818ad8', '2020-05-25 14:00:01', '安徽网钉企业服务中心_03011', '18:bc:5a:93:22:82', '2020-05-25 13:59:16', 'ding73b7db4ffb45819f35c2f4657eb6378f', NULL, '4E67FC3C15B180148FD7D97E83D0442B', 'ATM', '安徽网钉企业服务中心_03011', '0701AME190201N003011', '29064e459ca046429371b9bba4639c35', '235823231420960822');
INSERT INTO `attendance` VALUES ('98c36dce4a2b468e8fd17ccdd53d5f3e', '2020-05-25 14:20:03', '安徽网钉企业服务中心_03011', '18:bc:5a:93:22:82', '2020-05-25 14:19:54', 'ding73b7db4ffb45819f35c2f4657eb6378f', NULL, 'FF06B5F2146C9C5311FACE0240EEEA37', 'ATM', '安徽网钉企业服务中心_03011', '0701AME190201N003011', '29064e459ca046429371b9bba4639c35', '235823231420960822');
INSERT INTO `attendance` VALUES ('c248b2c3e31741118970fece6041abb4', '2020-05-25 14:21:30', '安徽网钉企业服务中心_03011', '18:bc:5a:93:22:82', '2020-05-25 14:21:17', 'ding73b7db4ffb45819f35c2f4657eb6378f', NULL, 'FDD4958E0DA9766DCF8ED0700F774CE0', 'ATM', '安徽网钉企业服务中心_03011', '0701AME190201N003011', '29064e459ca046429371b9bba4639c35', '235823231420960822');
INSERT INTO `attendance` VALUES ('45cb3e7231c548ec8dbef686fa62cc42', '2020-05-25 14:22:23', '安徽网钉企业服务中心_03011', '18:bc:5a:93:22:82', '2020-05-25 14:22:17', 'ding73b7db4ffb45819f35c2f4657eb6378f', NULL, 'ED0E3AE09EB090A51C90999A62D61AA8', 'ATM', '安徽网钉企业服务中心_03011', '0701AME190201N003011', '29064e459ca046429371b9bba4639c35', '235823231420960822');
INSERT INTO `attendance` VALUES ('a1cd4eee538a4c24ac7505b06f94a711', '2020-05-25 14:22:30', '安徽网钉企业服务中心_03011', '18:bc:5a:93:22:82', '2020-05-25 14:22:17', 'ding73b7db4ffb45819f35c2f4657eb6378f', NULL, 'ED0E3AE09EB090A51C90999A62D61AA8', 'ATM', '安徽网钉企业服务中心_03011', '0701AME190201N003011', '29064e459ca046429371b9bba4639c35', '235823231420960822');
INSERT INTO `attendance` VALUES ('05fe1d7d8943487781863c90d27d502e', '2020-05-25 14:24:11', '安徽网钉企业服务中心_03011', '18:bc:5a:93:22:82', '2020-05-25 14:23:43', 'ding73b7db4ffb45819f35c2f4657eb6378f', NULL, 'EB9035540236A4D5D1B368AD62839DCB', 'ATM', '安徽网钉企业服务中心_03011', '0701AME190201N003011', '29064e459ca046429371b9bba4639c35', '235823231420960822');
INSERT INTO `attendance` VALUES ('7f69cca7a9a14a2a8bf18cd2e53b21b7', '2020-05-25 14:23:47', '安徽网钉企业服务中心_03011', '18:bc:5a:93:22:82', '2020-05-25 14:23:43', 'ding73b7db4ffb45819f35c2f4657eb6378f', NULL, 'EB9035540236A4D5D1B368AD62839DCB', 'ATM', '安徽网钉企业服务中心_03011', '0701AME190201N003011', '29064e459ca046429371b9bba4639c35', '235823231420960822');
INSERT INTO `attendance` VALUES ('217a9afc2e8149e89571d2553b04dc77', '2020-05-25 14:24:36', '安徽网钉企业服务中心_03011', '18:bc:5a:93:22:82', '2020-05-25 14:23:43', 'ding73b7db4ffb45819f35c2f4657eb6378f', NULL, 'EB9035540236A4D5D1B368AD62839DCB', 'ATM', '安徽网钉企业服务中心_03011', '0701AME190201N003011', '29064e459ca046429371b9bba4639c35', '235823231420960822');
INSERT INTO `attendance` VALUES ('4d4acfc0cae541af9d3e33be82f7e0de', '2020-05-25 14:36:24', '安徽网钉企业服务中心_03011', '18:bc:5a:93:22:82', '2020-05-25 14:36:21', 'ding73b7db4ffb45819f35c2f4657eb6378f', NULL, 'DD607F65A75FA01B3ED257AEDCB14959', 'ATM', '安徽网钉企业服务中心_03011', '0701AME190201N003011', '29064e459ca046429371b9bba4639c35', '235823231420960822');
INSERT INTO `attendance` VALUES ('0fd87715723d488bb5a1c224676f12b1', '2020-05-25 14:37:41', '安徽网钉企业服务中心_03011', '18:bc:5a:93:22:82', '2020-05-25 14:37:38', 'ding73b7db4ffb45819f35c2f4657eb6378f', NULL, 'ACE1939FF8A59F645ACD5CAC3186C787', 'ATM', '安徽网钉企业服务中心_03011', '0701AME190201N003011', '29064e459ca046429371b9bba4639c35', '235823231420960822');
INSERT INTO `attendance` VALUES ('29186eabc97d498a981eb50146c02c5f', '2020-05-25 14:39:56', '安徽网钉企业服务中心_03011', '18:bc:5a:93:22:82', '2020-05-25 14:39:38', 'ding73b7db4ffb45819f35c2f4657eb6378f', NULL, 'D3212E579CDF75A5F4CA0036C0C00DEC', 'ATM', '安徽网钉企业服务中心_03011', '0701AME190201N003011', '29064e459ca046429371b9bba4639c35', '235823231420960822');
INSERT INTO `attendance` VALUES ('0a4bfb5b74bf4c508c2cd1f6eb8abd76', '2020-05-25 14:39:45', '安徽网钉企业服务中心_03011', '18:bc:5a:93:22:82', '2020-05-25 14:39:38', 'ding73b7db4ffb45819f35c2f4657eb6378f', NULL, 'D3212E579CDF75A5F4CA0036C0C00DEC', 'ATM', '安徽网钉企业服务中心_03011', '0701AME190201N003011', '29064e459ca046429371b9bba4639c35', '235823231420960822');
INSERT INTO `attendance` VALUES ('2efe2a75ed864baa9571861fb4252cd0', '2020-05-25 14:46:01', '安徽网钉企业服务中心_03011', '18:bc:5a:93:22:82', '2020-05-25 14:45:46', 'ding73b7db4ffb45819f35c2f4657eb6378f', NULL, '0962222C75FDD92597BE0E4793432FDF', 'ATM', '安徽网钉企业服务中心_03011', '0701AME190201N003011', '29064e459ca046429371b9bba4639c35', '235823231420960822');
INSERT INTO `attendance` VALUES ('91f4a7c6f1084a4fa61c6c6982067041', '2020-05-25 14:46:40', '安徽网钉企业服务中心_03011', '18:bc:5a:93:22:82', '2020-05-25 14:45:46', 'ding73b7db4ffb45819f35c2f4657eb6378f', NULL, '0962222C75FDD92597BE0E4793432FDF', 'ATM', '安徽网钉企业服务中心_03011', '0701AME190201N003011', '29064e459ca046429371b9bba4639c35', '235823231420960822');
INSERT INTO `attendance` VALUES ('e6ff50e2e1fd4bceba3b7a21b700db45', '2020-05-25 14:45:49', '安徽网钉企业服务中心_03011', '18:bc:5a:93:22:82', '2020-05-25 14:45:46', 'ding73b7db4ffb45819f35c2f4657eb6378f', NULL, '0962222C75FDD92597BE0E4793432FDF', 'ATM', '安徽网钉企业服务中心_03011', '0701AME190201N003011', '29064e459ca046429371b9bba4639c35', '235823231420960822');
INSERT INTO `attendance` VALUES ('b2d2da1fd71f40ffa08bb9559ab48475', '2020-05-25 14:51:20', '安徽网钉企业服务中心_03011', '18:bc:5a:93:22:82', '2020-05-25 14:51:16', 'ding73b7db4ffb45819f35c2f4657eb6378f', NULL, '927DBF670BBA8C070707264B81C0DE9D', 'ATM', '安徽网钉企业服务中心_03011', '0701AME190201N003011', '29064e459ca046429371b9bba4639c35', '235823231420960822');
INSERT INTO `attendance` VALUES ('9a9666f4ed004b1e86ca4ac9830de553', '2020-05-25 14:52:13', '安徽网钉企业服务中心_03011', '18:bc:5a:93:22:82', '2020-05-25 14:51:16', 'ding73b7db4ffb45819f35c2f4657eb6378f', NULL, '927DBF670BBA8C070707264B81C0DE9D', 'ATM', '安徽网钉企业服务中心_03011', '0701AME190201N003011', '29064e459ca046429371b9bba4639c35', '235823231420960822');
INSERT INTO `attendance` VALUES ('deb0856b62914c008bb2cbcee572bc68', '2020-05-25 14:52:13', '安徽网钉企业服务中心_03011', '18:bc:5a:93:22:82', '2020-05-25 14:51:16', 'ding73b7db4ffb45819f35c2f4657eb6378f', NULL, '927DBF670BBA8C070707264B81C0DE9D', 'ATM', '安徽网钉企业服务中心_03011', '0701AME190201N003011', '29064e459ca046429371b9bba4639c35', '235823231420960822');
INSERT INTO `attendance` VALUES ('0b7d29f915094f738defde3e39b3df4b', '2020-05-25 14:53:09', '安徽网钉企业服务中心_03011', '18:bc:5a:93:22:82', '2020-05-25 14:52:53', 'ding73b7db4ffb45819f35c2f4657eb6378f', NULL, '4B477EB9A59A6487CECF84A0D0A0B71B', 'ATM', '安徽网钉企业服务中心_03011', '0701AME190201N003011', '29064e459ca046429371b9bba4639c35', '235823231420960822');
INSERT INTO `attendance` VALUES ('2fa0ed071ec540eb80cef4cef543cacd', '2020-05-25 14:53:05', '安徽网钉企业服务中心_03011', '18:bc:5a:93:22:82', '2020-05-25 14:51:16', 'ding73b7db4ffb45819f35c2f4657eb6378f', NULL, '927DBF670BBA8C070707264B81C0DE9D', 'ATM', '安徽网钉企业服务中心_03011', '0701AME190201N003011', '29064e459ca046429371b9bba4639c35', '235823231420960822');
INSERT INTO `attendance` VALUES ('90140bca610f4ca28e7b64031facd55b', '2020-05-25 15:21:10', '安徽网钉企业服务中心_03011', '18:bc:5a:93:22:82', '2020-05-25 15:19:22', 'ding73b7db4ffb45819f35c2f4657eb6378f', NULL, '34E23C3109C4DC2001B82E9427E3F908', 'ATM', '安徽网钉企业服务中心_03011', '0701AME190201N003011', '29064e459ca046429371b9bba4639c35', '235823231420960822');
INSERT INTO `attendance` VALUES ('d43dc864bfd64ec6aba47e6286c0ce0f', '2020-05-25 15:48:01', '安徽网钉企业服务中心_03011', '18:bc:5a:93:22:82', '2020-05-25 15:47:58', 'ding73b7db4ffb45819f35c2f4657eb6378f', NULL, '32043EF64FA9F6CEAFD7DDB0D0FDA522', 'ATM', '安徽网钉企业服务中心_03011', '0701AME190201N003011', '29064e459ca046429371b9bba4639c35', '235823231420960822');
INSERT INTO `attendance` VALUES ('0b76f28b462a463b931cc86b20dc3453', '2020-05-25 15:54:40', '安徽网钉企业服务中心_03011', '18:bc:5a:93:22:82', '2020-05-25 15:54:38', 'ding73b7db4ffb45819f35c2f4657eb6378f', NULL, '2DCE9483D17C6A6C34C80D1151EF05B2', 'ATM', '安徽网钉企业服务中心_03011', '0701AME190201N003011', '29064e459ca046429371b9bba4639c35', '235823231420960822');
INSERT INTO `attendance` VALUES ('525bcb6c7cde4e43a5313a0b1ac7d69e', '2020-05-25 16:09:29', '安徽网钉企业服务中心_03011', '18:bc:5a:93:22:82', '2020-05-25 16:09:26', 'ding73b7db4ffb45819f35c2f4657eb6378f', NULL, '05740D2EF156F247473199B9D8508870', 'ATM', '安徽网钉企业服务中心_03011', '0701AME190201N003011', '29064e459ca046429371b9bba4639c35', '235823231420960822');
INSERT INTO `attendance` VALUES ('a1bf88b0a82847c4943a6e1893dccdde', '2020-05-25 16:13:19', '安徽网钉企业服务中心_03011', '18:bc:5a:93:22:82', '2020-05-25 16:09:26', 'ding73b7db4ffb45819f35c2f4657eb6378f', NULL, '05740D2EF156F247473199B9D8508870', 'ATM', '安徽网钉企业服务中心_03011', '0701AME190201N003011', '29064e459ca046429371b9bba4639c35', '235823231420960822');
INSERT INTO `attendance` VALUES ('ac31133992184091898e52ad9d65380c', '2020-05-25 16:13:19', '安徽网钉企业服务中心_03011', '18:bc:5a:93:22:82', '2020-05-25 16:09:26', 'ding73b7db4ffb45819f35c2f4657eb6378f', NULL, '05740D2EF156F247473199B9D8508870', 'ATM', '安徽网钉企业服务中心_03011', '0701AME190201N003011', '29064e459ca046429371b9bba4639c35', '235823231420960822');
INSERT INTO `attendance` VALUES ('0564be6c268246afb6da4343e63c8bb9', '2020-05-25 16:13:19', '安徽网钉企业服务中心_03011', '18:bc:5a:93:22:82', '2020-05-25 16:09:26', 'ding73b7db4ffb45819f35c2f4657eb6378f', NULL, '05740D2EF156F247473199B9D8508870', 'ATM', '安徽网钉企业服务中心_03011', '0701AME190201N003011', '29064e459ca046429371b9bba4639c35', '235823231420960822');
INSERT INTO `attendance` VALUES ('8f58b75ab4764e1eb9e53a26d5f21c50', '2020-05-25 16:14:49', '安徽网钉企业服务中心_03011', '18:bc:5a:93:22:82', '2020-05-25 16:14:45', 'ding73b7db4ffb45819f35c2f4657eb6378f', NULL, 'A8E7A09D0AC1D391D05D325FC4C8B041', 'ATM', '安徽网钉企业服务中心_03011', '0701AME190201N003011', '29064e459ca046429371b9bba4639c35', '235823231420960822');
INSERT INTO `attendance` VALUES ('ba330e0b0fa149dc94389172cbdbb9a7', '2020-05-25 16:22:01', '安徽网钉企业服务中心_03011', '18:bc:5a:93:22:82', '2020-05-25 16:21:59', 'ding73b7db4ffb45819f35c2f4657eb6378f', NULL, 'FEF0FDC763238804DEA0A206B7BEA849', 'ATM', '安徽网钉企业服务中心_03011', '0701AME190201N003011', '29064e459ca046429371b9bba4639c35', '235823231420960822');
INSERT INTO `attendance` VALUES ('77caea36de3f419aba42eda2b818b50d', '2020-05-25 16:30:46', '安徽网钉企业服务中心_03011', '18:bc:5a:93:22:82', '2020-05-25 16:30:44', 'ding73b7db4ffb45819f35c2f4657eb6378f', NULL, '622CD65A0425A275CDD1DD18830AB56F', 'ATM', '安徽网钉企业服务中心_03011', '0701AME190201N003011', '29064e459ca046429371b9bba4639c35', '235823231420960822');
INSERT INTO `attendance` VALUES ('d55e724b277b4f12b2f069b0877679b2', '2020-05-25 16:40:10', '安徽网钉企业服务中心_03011', '18:bc:5a:93:22:82', '2020-05-25 16:40:08', 'ding73b7db4ffb45819f35c2f4657eb6378f', NULL, '43E52A6A893FD3700215ACF05DDC81A6', 'ATM', '安徽网钉企业服务中心_03011', '0701AME190201N003011', '29064e459ca046429371b9bba4639c35', '235823231420960822');
INSERT INTO `attendance` VALUES ('2edc1343a8bf4eb6af2b929e65fb41e2', '2020-05-25 16:40:21', '安徽网钉企业服务中心_03011', '18:bc:5a:93:22:82', '2020-05-25 16:40:08', 'ding73b7db4ffb45819f35c2f4657eb6378f', NULL, '43E52A6A893FD3700215ACF05DDC81A6', 'ATM', '安徽网钉企业服务中心_03011', '0701AME190201N003011', '29064e459ca046429371b9bba4639c35', '235823231420960822');
INSERT INTO `attendance` VALUES ('ebde326da595429e8db554122b92a96d', '2020-05-25 16:51:30', '安徽网钉企业服务中心_03011', '18:bc:5a:93:22:82', '2020-05-25 16:51:26', 'ding73b7db4ffb45819f35c2f4657eb6378f', NULL, 'BA53406ECAB9C1680B5D79895FC458EA', 'ATM', '安徽网钉企业服务中心_03011', '0701AME190201N003011', '29064e459ca046429371b9bba4639c35', '235823231420960822');
INSERT INTO `attendance` VALUES ('490cb823bf6e4732ab9af8533b322886', '2020-05-25 16:51:42', '安徽网钉企业服务中心_03011', '18:bc:5a:93:22:82', '2020-05-25 16:51:26', 'ding73b7db4ffb45819f35c2f4657eb6378f', NULL, 'BA53406ECAB9C1680B5D79895FC458EA', 'ATM', '安徽网钉企业服务中心_03011', '0701AME190201N003011', '29064e459ca046429371b9bba4639c35', '235823231420960822');
INSERT INTO `attendance` VALUES ('dc6cb1f32f894daba0a28f04445a6ffc', '2020-05-25 16:54:23', '安徽网钉企业服务中心_03011', '18:bc:5a:93:22:82', '2020-05-25 16:54:21', 'ding73b7db4ffb45819f35c2f4657eb6378f', NULL, 'CC79D6D6891582736366AEFA69CFCDC3', 'ATM', '安徽网钉企业服务中心_03011', '0701AME190201N003011', '29064e459ca046429371b9bba4639c35', '235823231420960822');
INSERT INTO `attendance` VALUES ('82ba8992dab844fc8f65cd438e8304a4', '2020-05-25 16:55:18', '安徽网钉企业服务中心_03011', '18:bc:5a:93:22:82', '2020-05-25 16:55:17', 'ding73b7db4ffb45819f35c2f4657eb6378f', NULL, '4CDC06B81656D4F3BA3DACD47DD1B7DC', 'ATM', '安徽网钉企业服务中心_03011', '0701AME190201N003011', '29064e459ca046429371b9bba4639c35', '235823231420960822');
INSERT INTO `attendance` VALUES ('5ebcf72ecaed4a68ab2d21bd3cd140bc', '2020-05-25 16:59:10', '安徽网钉企业服务中心_03011', '18:bc:5a:93:22:82', '2020-05-25 16:59:07', 'ding73b7db4ffb45819f35c2f4657eb6378f', NULL, 'CE06DE035B4D20AFE7229DD43DBB9570', 'ATM', '安徽网钉企业服务中心_03011', '0701AME190201N003011', '29064e459ca046429371b9bba4639c35', '235823231420960822');
INSERT INTO `attendance` VALUES ('259b0c3486f345e7a6c85dba5fbb672c', '2020-05-25 16:59:20', '安徽网钉企业服务中心_03011', '18:bc:5a:93:22:82', '2020-05-25 16:59:07', 'ding73b7db4ffb45819f35c2f4657eb6378f', NULL, 'CE06DE035B4D20AFE7229DD43DBB9570', 'ATM', '安徽网钉企业服务中心_03011', '0701AME190201N003011', '29064e459ca046429371b9bba4639c35', '235823231420960822');
INSERT INTO `attendance` VALUES ('768b9471a4a4481e9d9f7e77a3b8ecc1', '2020-05-25 17:00:41', '安徽网钉企业服务中心_03011', '18:bc:5a:93:22:82', '2020-05-25 17:00:26', 'ding73b7db4ffb45819f35c2f4657eb6378f', NULL, '800D3A543AB59C1C6E9B78A64DB16068', 'ATM', '安徽网钉企业服务中心_03011', '0701AME190201N003011', '29064e459ca046429371b9bba4639c35', '235823231420960822');
INSERT INTO `attendance` VALUES ('241116ff46da436c8f72fabce532d3ec', '2020-05-25 17:01:11', '安徽网钉企业服务中心_03011', '18:bc:5a:93:22:82', '2020-05-25 17:00:26', 'ding73b7db4ffb45819f35c2f4657eb6378f', NULL, '800D3A543AB59C1C6E9B78A64DB16068', 'ATM', '安徽网钉企业服务中心_03011', '0701AME190201N003011', '29064e459ca046429371b9bba4639c35', '235823231420960822');
INSERT INTO `attendance` VALUES ('14ff7eba51d64a1da59c319a593f37c4', '2020-05-25 17:01:50', '安徽网钉企业服务中心_03011', '18:bc:5a:93:22:82', '2020-05-25 17:01:49', 'ding73b7db4ffb45819f35c2f4657eb6378f', NULL, '0B8C7A9FC295CFF06D392D53E17BC46F', 'ATM', '安徽网钉企业服务中心_03011', '0701AME190201N003011', '29064e459ca046429371b9bba4639c35', '235823231420960822');
INSERT INTO `attendance` VALUES ('e700da6f6d8948e3acbe24b0a8ce13f8', '2020-05-25 17:05:58', '安徽网钉企业服务中心_03011', '18:bc:5a:93:22:82', '2020-05-25 17:05:44', 'ding73b7db4ffb45819f35c2f4657eb6378f', NULL, 'F14E04E7CE55F47A5F78A3E33B4454B7', 'ATM', '安徽网钉企业服务中心_03011', '0701AME190201N003011', '29064e459ca046429371b9bba4639c35', '235823231420960822');
INSERT INTO `attendance` VALUES ('cd6b4743d8b44a229d3b15a5285caff2', '2020-05-25 17:06:26', '安徽网钉企业服务中心_03011', '18:bc:5a:93:22:82', '2020-05-25 17:06:17', 'ding73b7db4ffb45819f35c2f4657eb6378f', NULL, 'B39869C1CD92E88EA5E5C1E4F3ACF2D8', 'ATM', '安徽网钉企业服务中心_03011', '0701AME190201N003011', '29064e459ca046429371b9bba4639c35', '235823231420960822');
INSERT INTO `attendance` VALUES ('83ca006c172d41dd9d0c7d28259bd723', '2020-05-25 17:06:30', '安徽网钉企业服务中心_03011', '18:bc:5a:93:22:82', '2020-05-25 17:06:17', 'ding73b7db4ffb45819f35c2f4657eb6378f', NULL, 'B39869C1CD92E88EA5E5C1E4F3ACF2D8', 'ATM', '安徽网钉企业服务中心_03011', '0701AME190201N003011', '29064e459ca046429371b9bba4639c35', '235823231420960822');
INSERT INTO `attendance` VALUES ('833e732fc87644fcafe42fa3918e7e8f', '2020-05-25 17:26:23', '安徽网钉企业服务中心_03011', '18:bc:5a:93:22:82', '2020-05-25 17:26:21', 'ding73b7db4ffb45819f35c2f4657eb6378f', NULL, '9694F842B8610E356D9205F7C3B1914E', 'ATM', '安徽网钉企业服务中心_03011', '0701AME190201N003011', '29064e459ca046429371b9bba4639c35', '235823231420960822');
INSERT INTO `attendance` VALUES ('b3270bea52f54e6b8f72cb80b090a795', '2020-05-25 17:27:10', '安徽网钉企业服务中心_03011', '18:bc:5a:93:22:82', '2020-05-25 17:27:08', 'ding73b7db4ffb45819f35c2f4657eb6378f', NULL, '7328F6F12E7BAFDB8E26E4647A89713D', 'ATM', '安徽网钉企业服务中心_03011', '0701AME190201N003011', '29064e459ca046429371b9bba4639c35', '235823231420960822');
INSERT INTO `attendance` VALUES ('b39310ed611e45cc9463dbcf07d18c1f', '2020-05-25 17:30:30', '安徽网钉企业服务中心_03011', '18:bc:5a:93:22:82', '2020-05-25 17:30:28', 'ding73b7db4ffb45819f35c2f4657eb6378f', NULL, 'FA93040720497C4E3AA9D533BF231894', 'ATM', '安徽网钉企业服务中心_03011', '0701AME190201N003011', '29064e459ca046429371b9bba4639c35', '235823231420960822');
INSERT INTO `attendance` VALUES ('09427ec40e4b4f05954d2935d4eb40f4', '2020-05-25 17:33:39', '安徽网钉企业服务中心_03011', '18:bc:5a:93:22:82', '2020-05-25 17:33:37', 'ding73b7db4ffb45819f35c2f4657eb6378f', NULL, '97BEFEA6013787250BF70FE94615052A', 'ATM', '安徽网钉企业服务中心_03011', '0701AME190201N003011', '29064e459ca046429371b9bba4639c35', '235823231420960822');
INSERT INTO `attendance` VALUES ('502ba323e8db42249c15f6a9c6f31e64', '2020-05-25 17:35:24', '安徽网钉企业服务中心_03011', '18:bc:5a:93:22:82', '2020-05-25 17:35:22', 'ding73b7db4ffb45819f35c2f4657eb6378f', NULL, '5A689AEB6205B31C70B8097E94C893B3', 'ATM', '安徽网钉企业服务中心_03011', '0701AME190201N003011', '29064e459ca046429371b9bba4639c35', '235823231420960822');
INSERT INTO `attendance` VALUES ('bc04fddfbd3e4676949a3b0f6c8f8721', '2020-05-25 17:36:07', '安徽网钉企业服务中心_03011', '18:bc:5a:93:22:82', '2020-05-25 17:36:05', 'ding73b7db4ffb45819f35c2f4657eb6378f', NULL, '5933F9DDFB2D6C4788961DB98F51BAA2', 'ATM', '安徽网钉企业服务中心_03011', '0701AME190201N003011', '29064e459ca046429371b9bba4639c35', '235823231420960822');
INSERT INTO `attendance` VALUES ('b02d4fe5e995443f868eec51243d9ed3', '2020-05-25 17:41:22', '安徽网钉企业服务中心_03011', '18:bc:5a:93:22:82', '2020-05-25 17:41:19', 'ding73b7db4ffb45819f35c2f4657eb6378f', NULL, '349969A04368E2C004682FDF24999F91', 'ATM', '安徽网钉企业服务中心_03011', '0701AME190201N003011', '29064e459ca046429371b9bba4639c35', '235823231420960822');
INSERT INTO `attendance` VALUES ('5e9a3e27d1a34c4ca49d4668654556d9', '2020-05-25 17:42:04', '安徽网钉企业服务中心_03011', '18:bc:5a:93:22:82', '2020-05-25 17:42:03', 'ding73b7db4ffb45819f35c2f4657eb6378f', NULL, '6CCC46F174F50BC4AC66C3BE173A08CC', 'ATM', '安徽网钉企业服务中心_03011', '0701AME190201N003011', '29064e459ca046429371b9bba4639c35', '235823231420960822');
INSERT INTO `attendance` VALUES ('bf57f52cd6df4818a2a65ee3e361c869', '2020-05-25 17:43:04', '安徽网钉企业服务中心_03011', '18:bc:5a:93:22:82', '2020-05-25 17:43:03', 'ding73b7db4ffb45819f35c2f4657eb6378f', NULL, 'B356E51EA79868A7D50E20BF25497387', 'ATM', '安徽网钉企业服务中心_03011', '0701AME190201N003011', '29064e459ca046429371b9bba4639c35', '235823231420960822');
INSERT INTO `attendance` VALUES ('205852274ef74560ae1493ecee9856d4', '2020-05-25 17:47:42', '安徽网钉企业服务中心_03011', '18:bc:5a:93:22:82', '2020-05-25 17:47:40', 'ding73b7db4ffb45819f35c2f4657eb6378f', NULL, '7D67AFE55D6EDB5E4DC4C65047A7536A', 'ATM', '安徽网钉企业服务中心_03011', '0701AME190201N003011', '29064e459ca046429371b9bba4639c35', '235823231420960822');
INSERT INTO `attendance` VALUES ('8dd39ecf8b944c83a95150dcc67ecaef', '2020-05-25 17:49:08', '安徽网钉企业服务中心_03011', '18:bc:5a:93:22:82', '2020-05-25 17:49:03', 'ding73b7db4ffb45819f35c2f4657eb6378f', NULL, '2672EF1EE93C9238E50CA7966EAF4E42', 'ATM', '安徽网钉企业服务中心_03011', '0701AME190201N003011', '29064e459ca046429371b9bba4639c35', '235823231420960822');
INSERT INTO `attendance` VALUES ('533ad8a5b171403c98595d496b318dd5', '2020-05-25 17:49:23', '安徽网钉企业服务中心_03011', '18:bc:5a:93:22:82', '2020-05-25 17:49:03', 'ding73b7db4ffb45819f35c2f4657eb6378f', NULL, '2672EF1EE93C9238E50CA7966EAF4E42', 'ATM', '安徽网钉企业服务中心_03011', '0701AME190201N003011', '29064e459ca046429371b9bba4639c35', '235823231420960822');
INSERT INTO `attendance` VALUES ('7345d0d1ec8f42c2950b6d1bbfca08f7', '2020-05-25 17:49:48', '安徽网钉企业服务中心_03011', '18:bc:5a:93:22:82', '2020-05-25 17:49:03', 'ding73b7db4ffb45819f35c2f4657eb6378f', NULL, '2672EF1EE93C9238E50CA7966EAF4E42', 'ATM', '安徽网钉企业服务中心_03011', '0701AME190201N003011', '29064e459ca046429371b9bba4639c35', '235823231420960822');
INSERT INTO `attendance` VALUES ('a7b80c7b4b244f61bb6ab15e0341e6cc', '2020-05-25 17:51:23', '安徽网钉企业服务中心_03011', '18:bc:5a:93:22:82', '2020-05-25 17:51:17', 'ding73b7db4ffb45819f35c2f4657eb6378f', NULL, '6BE43B27CD37F19167A53A7CCC13257F', 'ATM', '安徽网钉企业服务中心_03011', '0701AME190201N003011', '29064e459ca046429371b9bba4639c35', '235823231420960822');
INSERT INTO `attendance` VALUES ('9eeba8f3889345dc9192cf6d6635e637', '2020-05-25 17:51:31', '安徽网钉企业服务中心_03011', '18:bc:5a:93:22:82', '2020-05-25 17:51:17', 'ding73b7db4ffb45819f35c2f4657eb6378f', NULL, '6BE43B27CD37F19167A53A7CCC13257F', 'ATM', '安徽网钉企业服务中心_03011', '0701AME190201N003011', '29064e459ca046429371b9bba4639c35', '235823231420960822');
INSERT INTO `attendance` VALUES ('eb2561defc8e4718a511818ae813cef8', '2020-05-25 18:08:07', '安徽网钉企业服务中心_03011', '18:bc:5a:93:22:82', '2020-05-25 18:08:05', 'ding73b7db4ffb45819f35c2f4657eb6378f', NULL, '8D2C573D89A1BC416B98AA202BD8259D', 'ATM', '安徽网钉企业服务中心_03011', '0701AME190201N003011', '29064e459ca046429371b9bba4639c35', '235823231420960822');
INSERT INTO `attendance` VALUES ('709eb249872f433e94514aef2b66a2ef', '2020-05-25 18:28:38', '安徽网钉企业服务中心_03011', '18:bc:5a:93:22:82', '2020-05-25 18:28:35', 'ding73b7db4ffb45819f35c2f4657eb6378f', NULL, '738A2F42B45581633C8B1580CBB5E2D9', 'ATM', '安徽网钉企业服务中心_03011', '0701AME190201N003011', '29064e459ca046429371b9bba4639c35', '235823231420960822');
INSERT INTO `attendance` VALUES ('0a9f442f9fa84135baf3aed1db74a777', '2020-05-25 18:29:31', '安徽网钉企业服务中心_03011', '18:bc:5a:93:22:82', '2020-05-25 18:29:29', 'ding73b7db4ffb45819f35c2f4657eb6378f', NULL, 'B848DB4F5A00406A4DAE871B73D1122F', 'ATM', '安徽网钉企业服务中心_03011', '0701AME190201N003011', '29064e459ca046429371b9bba4639c35', '235823231420960822');
INSERT INTO `attendance` VALUES ('edf6e4b98fca4f42957834bbaf96a1a7', '2020-05-25 18:30:26', '安徽网钉企业服务中心_03011', '18:bc:5a:93:22:82', '2020-05-25 18:30:24', 'ding73b7db4ffb45819f35c2f4657eb6378f', NULL, 'C1D5EE4893BCC8525938C9FAC1F3F239', 'ATM', '安徽网钉企业服务中心_03011', '0701AME190201N003011', '29064e459ca046429371b9bba4639c35', '235823231420960822');
INSERT INTO `attendance` VALUES ('79310587b2be42fc9fa59a60dc4ab024', '2020-05-25 18:31:15', '安徽网钉企业服务中心_03011', '18:bc:5a:93:22:82', '2020-05-25 18:31:14', 'ding73b7db4ffb45819f35c2f4657eb6378f', NULL, '3DF7AEF77A323863251EF30F6F458B13', 'ATM', '安徽网钉企业服务中心_03011', '0701AME190201N003011', '29064e459ca046429371b9bba4639c35', '235823231420960822');
INSERT INTO `attendance` VALUES ('a93d92433f404d76bfe0c4ce853b40ca', '2020-05-25 18:32:51', '安徽网钉企业服务中心_03011', '18:bc:5a:93:22:82', '2020-05-25 18:32:49', 'ding73b7db4ffb45819f35c2f4657eb6378f', NULL, 'BD06C114D87924F83F62369FD3AB5D62', 'ATM', '安徽网钉企业服务中心_03011', '0701AME190201N003011', '29064e459ca046429371b9bba4639c35', '235823231420960822');
INSERT INTO `attendance` VALUES ('d5032431921741f5b89a4075b3e53862', '2020-05-25 18:33:41', '安徽网钉企业服务中心_03011', '18:bc:5a:93:22:82', '2020-05-25 18:33:40', 'ding73b7db4ffb45819f35c2f4657eb6378f', NULL, '83C3D907E13C328519D7287987F27A95', 'ATM', '安徽网钉企业服务中心_03011', '0701AME190201N003011', '29064e459ca046429371b9bba4639c35', '235823231420960822');
INSERT INTO `attendance` VALUES ('418523929bbd4fc39af7fa568b44cbb2', '2020-05-25 18:35:35', '安徽网钉企业服务中心_03011', '18:bc:5a:93:22:82', '2020-05-25 18:35:33', 'ding73b7db4ffb45819f35c2f4657eb6378f', NULL, 'E7503C777ECE709E452D926F7822B89B', 'ATM', '安徽网钉企业服务中心_03011', '0701AME190201N003011', '29064e459ca046429371b9bba4639c35', '235823231420960822');
INSERT INTO `attendance` VALUES ('e206bdbeff5749e490a4a1dd19e05886', '2020-05-25 18:36:02', '安徽网钉企业服务中心_03011', '18:bc:5a:93:22:82', '2020-05-25 18:36:01', 'ding73b7db4ffb45819f35c2f4657eb6378f', NULL, 'CA18EB5737334D25261BBAD8C5CF70A8', 'ATM', '安徽网钉企业服务中心_03011', '0701AME190201N003011', '29064e459ca046429371b9bba4639c35', '235823231420960822');

-- ----------------------------
-- Table structure for org_department
-- ----------------------------
DROP TABLE IF EXISTS `org_department`;
CREATE TABLE `org_department`  (
  `id` varchar(255) CHARACTER SET utf8 COLLATE utf8_general_ci NOT NULL COMMENT '部门id',
  `name` varchar(255) CHARACTER SET utf8 COLLATE utf8_general_ci NULL DEFAULT NULL COMMENT '部门名称',
  `parentId` varchar(255) CHARACTER SET utf8 COLLATE utf8_general_ci NULL DEFAULT NULL COMMENT '数据父id',
  `sourceId` varchar(255) CHARACTER SET utf8 COLLATE utf8_general_ci NULL DEFAULT NULL COMMENT '钉钉id',
  `sourceParentId` varchar(255) CHARACTER SET utf8 COLLATE utf8_general_ci NULL DEFAULT NULL COMMENT '钉钉父部门id',
  `sourceIdentifier` varchar(255) CHARACTER SET utf8 COLLATE utf8_general_ci NULL DEFAULT NULL COMMENT '部门标识字段',
  `isShow` bit(1) NULL DEFAULT NULL COMMENT '是否显示'
) ENGINE = InnoDB CHARACTER SET = utf8 COLLATE = utf8_general_ci ROW_FORMAT = Dynamic;

-- ----------------------------
-- Records of org_department
-- ----------------------------
INSERT INTO `org_department` VALUES ('866845fa88a248eaad9949a338d16456', '安徽网钉企业服务中心', NULL, '1', 'null', NULL, NULL);
INSERT INTO `org_department` VALUES ('f856a79898304032802ceab9ef1deb54', '华东大区', '866845fa88a248eaad9949a338d16456', '59535064', '1', NULL, NULL);
INSERT INTO `org_department` VALUES ('8c7d8f7d2a37405ea3e6a87895fd5e92', '华北大区', '866845fa88a248eaad9949a338d16456', '59556062', '1', NULL, NULL);
INSERT INTO `org_department` VALUES ('f56d77e3fee54bb3a2f4c42b78a2c8b9', '西北大区', '866845fa88a248eaad9949a338d16456', '59548043', '1', NULL, NULL);
INSERT INTO `org_department` VALUES ('48182afb5ab64203beab267889f44a69', '南方大区', '866845fa88a248eaad9949a338d16456', '59541038', '1', NULL, NULL);
INSERT INTO `org_department` VALUES ('779e34fb1f9a447db847f7ea9a805a3d', '港奥台大区', '866845fa88a248eaad9949a338d16456', '59574011', '1', NULL, NULL);
INSERT INTO `org_department` VALUES ('1afb85fcc1a94c1da13536ab15d52e27', '东南亚大区', '866845fa88a248eaad9949a338d16456', '59581032', '1', NULL, NULL);
INSERT INTO `org_department` VALUES ('4ff1794f907942f399fc231dea04d058', '国际事业部', '866845fa88a248eaad9949a338d16456', '59676092', '1', NULL, NULL);
INSERT INTO `org_department` VALUES ('d971624cd2724a10ae2ea1cf3cf95f2c', '政企事业部', '866845fa88a248eaad9949a338d16456', '115434671', '1', NULL, NULL);
INSERT INTO `org_department` VALUES ('d6c8eeaeb40e4c7c962eba13bac1179f', '软件试用', '866845fa88a248eaad9949a338d16456', '94933134', '1', NULL, NULL);
INSERT INTO `org_department` VALUES ('412eaeab2bf94ba58ef9a2f7c176a58b', '测试', '866845fa88a248eaad9949a338d16456', '118201322', '1', NULL, NULL);
INSERT INTO `org_department` VALUES ('a4f382df9d7742f297de40cc6fb3760b', '评委', '412eaeab2bf94ba58ef9a2f7c176a58b', '118902156', '118201322', NULL, NULL);
INSERT INTO `org_department` VALUES ('9e5f056ef13b44e8bd1bf973add4dec8', '考试区', '866845fa88a248eaad9949a338d16456', '118377744', '1', NULL, NULL);
INSERT INTO `org_department` VALUES ('97d277f32408443194eeccbbda5c7469', 'ISV', '866845fa88a248eaad9949a338d16456', '129980859', '1', NULL, NULL);
INSERT INTO `org_department` VALUES ('bb7a9fe8984345dfa36c03750d635dcb', '部署专家', '866845fa88a248eaad9949a338d16456', '130015871', '1', NULL, NULL);
INSERT INTO `org_department` VALUES ('c128982a69954165afd584c9b64863e2', '技术部', 'bb7a9fe8984345dfa36c03750d635dcb', '112621122', '130015871', NULL, NULL);
INSERT INTO `org_department` VALUES ('56ac53e5f83d4755ad77f5f2321ca6b8', '伙伴', '866845fa88a248eaad9949a338d16456', '130232036', '1', NULL, NULL);

-- ----------------------------
-- Table structure for org_user
-- ----------------------------
DROP TABLE IF EXISTS `org_user`;
CREATE TABLE `org_user`  (
  `id` varchar(255) CHARACTER SET utf8 COLLATE utf8_general_ci NOT NULL COMMENT 'id',
  `unionid` varchar(255) CHARACTER SET utf8 COLLATE utf8_general_ci NULL DEFAULT NULL COMMENT '员工在当前企业内的唯一标识',
  `sourceId` varchar(255) CHARACTER SET utf8 COLLATE utf8_general_ci NULL DEFAULT NULL COMMENT '员工钉钉id',
  `sourceDepartmentId` varchar(255) CHARACTER SET utf8 COLLATE utf8_general_ci NULL DEFAULT NULL COMMENT '员工钉钉部门id',
  `departmentId` varchar(255) CHARACTER SET utf8 COLLATE utf8_general_ci NULL DEFAULT NULL COMMENT '员工系统部门id',
  `sortKey` varchar(255) CHARACTER SET utf8 COLLATE utf8_general_ci NULL DEFAULT NULL COMMENT '部门中的排序',
  `mobile` varchar(255) CHARACTER SET utf8 COLLATE utf8_general_ci NULL DEFAULT NULL COMMENT '手机号',
  `tel` varchar(255) CHARACTER SET utf8 COLLATE utf8_general_ci NULL DEFAULT NULL COMMENT '分机号',
  `workPlace` varchar(255) CHARACTER SET utf8 COLLATE utf8_general_ci NULL DEFAULT NULL COMMENT '办公地点',
  `isAdmin` bit(1) NULL DEFAULT NULL COMMENT '是否是企业的管理员',
  `isBoss` bit(1) NULL DEFAULT NULL COMMENT '是否为企业的老板',
  `isHide` bit(1) NULL DEFAULT NULL COMMENT '是否隐藏号码',
  `isLeader` bit(1) NULL DEFAULT NULL COMMENT '是否是部门的主管',
  `name` varchar(255) CHARACTER SET utf8 COLLATE utf8_general_ci NULL DEFAULT NULL COMMENT '员工名称',
  `active` int(1) NULL DEFAULT NULL COMMENT '是否激活了钉钉',
  `position` varchar(255) CHARACTER SET utf8 COLLATE utf8_general_ci NULL DEFAULT NULL COMMENT '职位信息',
  `email` varchar(255) CHARACTER SET utf8 COLLATE utf8_general_ci NULL DEFAULT NULL COMMENT '	\r\n员工的邮箱',
  `orgEmail` varchar(255) CHARACTER SET utf8 COLLATE utf8_general_ci NULL DEFAULT NULL COMMENT '员工的企业邮箱',
  `avatar` varchar(255) CHARACTER SET utf8 COLLATE utf8_general_ci NULL DEFAULT NULL COMMENT '头像url',
  `jobnumber` varchar(0) CHARACTER SET utf8 COLLATE utf8_general_ci NULL DEFAULT NULL COMMENT '	\r\n员工工号',
  `hiredDate` datetime(0) NULL DEFAULT NULL COMMENT '	\r\n入职时间',
  `stateCode` varchar(255) CHARACTER SET utf8 COLLATE utf8_general_ci NULL DEFAULT NULL COMMENT '国家地区码',
  `isShow` bit(1) NULL DEFAULT NULL COMMENT '是否显示'
) ENGINE = InnoDB CHARACTER SET = utf8 COLLATE = utf8_general_ci ROW_FORMAT = Dynamic;

-- ----------------------------
-- Records of org_user
-- ----------------------------
INSERT INTO `org_user` VALUES ('fd15b9d95ac643868e8da0015a99b3e5', 'ZofmLmWuq8wiE', '04571554845952', '4ff1794f907942f399fc231dea04d058', '59676092', '176356279257196512', '13965491696', '813', NULL, b'0', b'0', b'1', b'0', '李明', 1, NULL, NULL, NULL, 'https://static-legacy.dingtalk.com/media/lADPDgQ9qYvOhfnNAZHNAZE_401_401.jpg', NULL, NULL, NULL, b'1');
INSERT INTO `org_user` VALUES ('2cfae019f1b24db4bc4e3af95be87ebd', 'nKLbLpea76QC7fFNJCy7tgiEiE', '060404153038267056', '56ac53e5f83d4755ad77f5f2321ca6b8', '130232036', '176331806265689512', '18956052656', '960', '', b'0', b'0', b'1', b'0', '顾小凡', 1, '', NULL, NULL, 'https://static-legacy.dingtalk.com/media/lADPGoxXbSbDIsdAQA_64_64.jpg', NULL, NULL, NULL, b'1');
INSERT INTO `org_user` VALUES ('729cd3bc93994f1fb9704bf2ec9d6871', 'iiIB4b5a8HvvEHcNgwpE0gwiEiE', '1925052648784157', 'd6c8eeaeb40e4c7c962eba13bac1179f', '94933134', '176331808420101512', '18226636878', '959', '', b'0', b'0', b'1', b'0', '张爽', 1, '', '', NULL, 'https://static-legacy.dingtalk.com/media/lADPDgQ9qo1k9obNAjDNAjA_560_560.jpg', '', NULL, NULL, b'1');
INSERT INTO `org_user` VALUES ('f3341e161dda483e80e76aed381efaa8', 'FFwFoFyUwiSwiE', '422243728117', 'd6c8eeaeb40e4c7c962eba13bac1179f', '94933134', '176332430272662512', '15935122421', '958', '', b'0', b'0', b'1', b'0', '天倾', 1, '', NULL, NULL, 'https://static-legacy.dingtalk.com/media/lADO15QnEM0C7s0C7A_748_750.jpg', NULL, NULL, NULL, b'1');
INSERT INTO `org_user` VALUES ('1ccf673d3ee34f609a667a67213cca26', 'TImg35O6v3vEHcNgwpE0gwiEiE', '234660413821525890', 'd6c8eeaeb40e4c7c962eba13bac1179f', '94933134', '176342273757326512', '15655532692', '950', '', b'0', b'0', b'1', b'0', '周子豪', 1, '', NULL, NULL, 'https://static-legacy.dingtalk.com/media/lADPGpqNZBiIWZHNCHPNCHA_2160_2163.jpg', NULL, NULL, NULL, b'1');
INSERT INTO `org_user` VALUES ('5fe88570afd54147a79e34b7bca37bbd', 'iSZAS4S99stGh3zOWzCtEbQiEiE', '42682328893985160', '56ac53e5f83d4755ad77f5f2321ca6b8', '130232036', '176350751701161509', '18956692346', '930', '', b'0', b'0', b'1', b'0', '菱蜂（徐启德）', 1, '', NULL, NULL, 'https://static-legacy.dingtalk.com/media/lADPDgQ9qtcaesHNAqjNAqc_679_680.jpg', NULL, NULL, NULL, b'1');
INSERT INTO `org_user` VALUES ('e36031d72f954e0193ee6837f866b12f', '9nKIls1XPUeh3zOWzCtEbQiEiE', '4319304032735260', '56ac53e5f83d4755ad77f5f2321ca6b8', '130232036', '176350751701161511', '18956692349', '928', '', b'0', b'0', b'1', b'0', '胡维可', 1, '', NULL, NULL, 'https://static-legacy.dingtalk.com/media/lADPD26eJ4QU61DM5szm_230_230.jpg', NULL, NULL, NULL, b'1');
INSERT INTO `org_user` VALUES ('3c3bba2364ca41d88a03019b26de3d25', 'YCZySPX2UlCh3zOWzCtEbQiEiE', '51594024776243', 'd6c8eeaeb40e4c7c962eba13bac1179f', '94933134', '176353472634958512', '18802707623', '922', '', b'0', b'0', b'1', b'0', '张卓', 1, '', NULL, NULL, 'https://static-legacy.dingtalk.com/media/lADPDgQ9rcXwd7vNASzNASw_300_300.jpg', NULL, NULL, NULL, b'1');
INSERT INTO `org_user` VALUES ('2cb375d4712f46c7aefa7bd7fbca5160', '3w9wlEyeKlwC7fFNJCy7tgiEiE', '1248153130112202110', 'd6c8eeaeb40e4c7c962eba13bac1179f', '94933134', '176353767978151510', '18875823271', '855', '', b'0', b'0', b'1', b'0', 'vicky', 1, '', NULL, NULL, 'https://static-legacy.dingtalk.com/media/lADPDgQ9qwGsYjjND8DND8A_4032_4032.jpg', NULL, NULL, NULL, b'1');
INSERT INTO `org_user` VALUES ('320c699f8554450da1eb03576a0df6c6', 'iSabAttxGs1PtspoK8YTsYAiEiE', '096021143229408553', 'd6c8eeaeb40e4c7c962eba13bac1179f', '94933134', '176353767978151508', '18605609367', '821', NULL, b'0', b'0', b'1', b'0', '王礼刚', 1, NULL, NULL, NULL, 'https://static-legacy.dingtalk.com/media/lADPDgQ9rh8RToHNAdTNAtA_720_468.jpg', NULL, NULL, NULL, b'1');
INSERT INTO `org_user` VALUES ('92dd18e413094870ad96336562b1d9ca', 'OOHgtyH12z4biSsVWgRle2wiEiE', '10053847161143049', 'd6c8eeaeb40e4c7c962eba13bac1179f', '94933134', '176353767978151507', '18609682825', '828', '', b'0', b'0', b'1', b'0', '赵俞', 1, '', NULL, NULL, 'https://static-legacy.dingtalk.com/media/lADPBbCc1UczVBLNAv_NAv8_767_767.jpg', NULL, NULL, NULL, b'1');
INSERT INTO `org_user` VALUES ('021ad0106faa4917a3a147562e8eb5f5', 'MlyO1SoPXMuh3zOWzCtEbQiEiE', '021637090337871000', 'd6c8eeaeb40e4c7c962eba13bac1179f', '94933134', '176357147643527512', '13516483256', '868', '', b'1', b'0', b'1', b'0', '陈淑颉', 1, '', '', NULL, 'https://static-legacy.dingtalk.com/media/lADPBbCc16MCQYjNAdnNAdA_464_473.jpg', '', NULL, NULL, b'1');
INSERT INTO `org_user` VALUES ('834043807a3c4cc5bab756262d1f034d', 'oWYiiw6JmU7hYydHiPiS7pF1giEiE', '0566626523779290', 'd6c8eeaeb40e4c7c962eba13bac1179f', '94933134', '176359291550491512', '13721119933', '866', '', b'0', b'0', b'1', b'0', '张强', 1, '', '', NULL, 'https://static-legacy.dingtalk.com/media/lADPBbCc1YFf_uDNAu7NAu4_750_750.jpg', '', NULL, NULL, b'1');
INSERT INTO `org_user` VALUES ('45980b36aeee471da039e17e2092be2a', 'h69XNB5pvlCh3zOWzCtEbQiEiE', '022249426024060388', '412eaeab2bf94ba58ef9a2f7c176a58b', '118201322', '176357399638877512', '15151416910', '879', '', b'0', b'0', b'1', b'0', '张书豪', 1, '', '', NULL, 'https://static-legacy.dingtalk.com/media/lADPDgQ9qm7o9j7M0MzQ_208_208.jpg', '', NULL, NULL, b'1');
INSERT INTO `org_user` VALUES ('656e06ac436547a294ce3921691a73b0', 'HdG6HsLiP8Ziih3zOWzCtEbQiEiE', '03294730541298598', '412eaeab2bf94ba58ef9a2f7c176a58b', '118201322', '176357399664661512', '13966665310', '878', '', b'0', b'0', b'1', b'0', '黄雪', 1, '', '', NULL, '', '', NULL, NULL, b'1');
INSERT INTO `org_user` VALUES ('cef5179547d84ee49cb2e58e9c7ec54b', 'NPb98AZBKe2h3zOWzCtEbQiEiE', '6114180435252722', '412eaeab2bf94ba58ef9a2f7c176a58b', '118201322', '176357399714591512', '15955155207', '877', '', b'0', b'0', b'1', b'0', '谢延庆', 1, '', '', NULL, '', '', NULL, NULL, b'1');
INSERT INTO `org_user` VALUES ('780c59e67bdb4d37be5a4097d41b24d9', 'zYsNk8UPUYGh3zOWzCtEbQiEiE', '016350162129623166', 'a4f382df9d7742f297de40cc6fb3760b', '118902156', '176356956986639508', '13865954172', '883', NULL, b'0', b'0', b'1', b'0', '王金鹤', 1, NULL, NULL, NULL, '', NULL, NULL, NULL, b'1');
INSERT INTO `org_user` VALUES ('7515cf399f614854bf27a0e561466da4', 'JHetPlxjNVCh3zOWzCtEbQiEiE', '01106319071139738324', '97d277f32408443194eeccbbda5c7469', '129980859', '176350751509314512', '18764233378', '931', '', b'1', b'0', b'1', b'0', '单伟刚', 1, '授客学堂', '', NULL, 'https://static-legacy.dingtalk.com/media/lADPDhYBLuxbkGvNAkDNAkA_576_576.jpg', '', NULL, NULL, b'1');
INSERT INTO `org_user` VALUES ('a887794e2ee54b40b0cbe2347007a174', 'U5Y5iiYE4lpL6evhBQlEoSAiEiE', '2541143847844339', 'bb7a9fe8984345dfa36c03750d635dcb', '130015871', '176334243440517512', '15055152024', '957', NULL, b'0', b'0', b'1', b'0', '晏红', 1, NULL, NULL, NULL, '', NULL, NULL, NULL, b'1');
INSERT INTO `org_user` VALUES ('ec12bcae1aa04c438fe7bf8f707dff36', 'n47iPgvRb7HYC7fFNJCy7tgiEiE', '0626065420525875700', 'bb7a9fe8984345dfa36c03750d635dcb', '130015871', '176350751746850512', '15255100330', '822', '', b'1', b'0', b'1', b'0', '刘敏', 1, '', NULL, NULL, 'https://static-legacy.dingtalk.com/media/lADPDgQ9rGigB5DNBCjNBCg_1064_1064.jpg', NULL, NULL, NULL, b'1');
INSERT INTO `org_user` VALUES ('a90ad219708046f8974f4355053fd192', 'F9vDbM5jaeZYydHiPiS7pF1giEiE', '0962015963782921', 'bb7a9fe8984345dfa36c03750d635dcb', '130015871', '176350751746850511', '18555896698', '843', '', b'1', b'0', b'1', b'0', '张浩', 1, '', NULL, NULL, 'https://static-legacy.dingtalk.com/media/lADPDgQ9qyeZhLrNAqjNAqg_680_680.jpg', NULL, NULL, NULL, b'1');
INSERT INTO `org_user` VALUES ('1e8c6a5495a948498d55b4c492e0d5f6', 'XS05puFcEiiCh3zOWzCtEbQiEiE', '010121545426157217', 'bb7a9fe8984345dfa36c03750d635dcb', '130015871', '176350751746850510', '15656445133', '803', '', b'1', b'0', b'1', b'0', '李姗珊', 1, '主管', '', NULL, 'https://static-legacy.dingtalk.com/media/lADPDgQ9rPcbKxDNAjDNAbE_433_560.jpg', '', NULL, NULL, b'1');
INSERT INTO `org_user` VALUES ('a0a7ebe950e549a2a54d9ca48b879d06', 'olku3iPa3cdQbiSsVWgRle2wiEiE', '243114281620927512', 'bb7a9fe8984345dfa36c03750d635dcb', '130015871', '176350751746850509', '18326362010', '845', '', b'1', b'0', b'1', b'0', '冯晓东', 1, '', NULL, NULL, 'https://static-legacy.dingtalk.com/media/lADPDgQ9q5bUBkXNAojNAeU_485_648.jpg', NULL, NULL, NULL, b'1');
INSERT INTO `org_user` VALUES ('a14579e1c11c483b893bc2ce278d6485', 'KTJR2FJt2KWh3zOWzCtEbQiEiE', '0107336968750870', 'c128982a69954165afd584c9b64863e2', '112621122', '176361105868381512', '13225644635', '810', '', b'1', b'0', b'1', b'0', '孙敏', 1, '主管', '', NULL, 'https://static-legacy.dingtalk.com/media/lADPGoU8cDogBKzNAibNAhs_539_550.jpg', '', NULL, NULL, b'1');
INSERT INTO `org_user` VALUES ('4c45ee4325c34ff3b3033a24fed9c710', 'gmWqURroMvJRsv1gQzIebAiEiE', '1022135741839324', 'bb7a9fe8984345dfa36c03750d635dcb', '130015871', '176350751961773512', '17681389997', '823', '', b'1', b'0', b'1', b'0', '昂瑞', 1, '', NULL, NULL, 'https://static-legacy.dingtalk.com/media/lADPDgQ9q4yJrJXNAeTNAYA_384_484.jpg', NULL, '2018-12-12 00:00:00', NULL, b'1');
INSERT INTO `org_user` VALUES ('52ae462406574f6abe57e502100beff9', 'KqttApnk8h4C7fFNJCy7tgiEiE', '20013252001238116', 'bb7a9fe8984345dfa36c03750d635dcb', '130015871', '176350751961773511', '18656085553', '871', '', b'1', b'0', b'1', b'0', '韦羊', 1, '', NULL, NULL, 'https://static-legacy.dingtalk.com/media/lADPDgQ9qRfbvVLNBM7NBNc_1239_1230.jpg', NULL, NULL, NULL, b'1');
INSERT INTO `org_user` VALUES ('05da8d6b91384a52aead455dbcc295ac', 'hIiSvBqsXiSpgbiSsVWgRle2wiEiE', '096645075621397202', 'bb7a9fe8984345dfa36c03750d635dcb', '130015871', '176350751961773509', '15956960942', '839', '', b'1', b'0', b'1', b'0', '吴冬菊', 1, '', NULL, NULL, 'https://static-legacy.dingtalk.com/media/lADPDgQ9qmbX1g3NC9XNC9A_3024_3029.jpg', NULL, NULL, NULL, b'1');
INSERT INTO `org_user` VALUES ('a16d118de30847f39dab6d5114f9fc6c', 'j6Ej06HeSKkbiSsVWgRle2wiEiE', '1814421836937791', 'bb7a9fe8984345dfa36c03750d635dcb', '130015871', '176350751961773508', '15256456717', '846', NULL, b'1', b'0', b'1', b'0', '熊辉', 1, NULL, NULL, NULL, 'https://static-legacy.dingtalk.com/media/lADPDgQ9qgliI1bNAafNAac_423_423.jpg', NULL, NULL, NULL, b'1');
INSERT INTO `org_user` VALUES ('d62e0d8b15664909ac80a9288e4f57a4', 'fOpdiioWzIbiih3zOWzCtEbQiEiE', '011225045138035603', 'c128982a69954165afd584c9b64863e2', '112621122', '176330189878264512', '13606548023', '962', '', b'0', b'0', b'1', b'0', '陈荣华', 1, '', NULL, NULL, 'https://static-legacy.dingtalk.com/media/lADOCl2IYM0CgM0Cfg_638_640.jpg', NULL, NULL, NULL, b'1');
INSERT INTO `org_user` VALUES ('29064e459ca046429371b9bba4639c35', 'YDQAaeEVzLlh3M6EmoIyhwiEiE', '235823231420960822', 'c128982a69954165afd584c9b64863e2', '112621122', '176340435811506512', '18551383916', '955', '', b'0', b'0', b'1', b'0', '刘富豪', 1, '', NULL, NULL, '', NULL, NULL, NULL, b'1');
INSERT INTO `org_user` VALUES ('16b22187f1ac44ad83866e68a73285ee', 'k5Vy3eE9RHiih3zOWzCtEbQiEiE', '034562285124046639', 'c128982a69954165afd584c9b64863e2', '112621122', '176341744387738512', '15309658316', '952', '', b'0', b'0', b'1', b'0', '张云冀', 1, '', '', NULL, '', '', NULL, NULL, b'1');
INSERT INTO `org_user` VALUES ('a328111de4f848ba8986509687b060bf', 'LqTiPb5dm9jSh3zOWzCtEbQiEiE', '013644493136282789', 'c128982a69954165afd584c9b64863e2', '112621122', '176342363220573512', '18538099800', '949', '', b'0', b'0', b'1', b'0', '郑世豪', 1, '', '', NULL, '', '', NULL, NULL, b'1');
INSERT INTO `org_user` VALUES ('7aec292bb1034916ba0c329d3b1a3db1', 'l1VkmIezgLoC7fFNJCy7tgiEiE', '2254632830969411', 'c128982a69954165afd584c9b64863e2', '112621122', '176342363249230512', '15324442938', '948', '', b'0', b'0', b'1', b'0', '盛显', 1, '', '', NULL, '', '', NULL, NULL, b'1');
INSERT INTO `org_user` VALUES ('d6150c04bbbe4951ab3f8c3a48138b5c', 'P6FUPJhu1oPyYvE7Pp5LfgiEiE', '2854156549682418', 'c128982a69954165afd584c9b64863e2', '112621122', '176342363283684512', '17682160721', '947', '', b'0', b'0', b'1', b'0', '刘磊', 1, '', '', NULL, '', '', NULL, NULL, b'1');
INSERT INTO `org_user` VALUES ('a8b6157246a44e42bce8a2f2a5dc9671', 'bcOBKB3RX6cC7fFNJCy7tgiEiE', '214969556026055670', 'c128982a69954165afd584c9b64863e2', '112621122', '176346386026574512', '13155646535', '941', NULL, b'0', b'0', b'1', b'0', '朱克峰', 1, NULL, NULL, NULL, '', NULL, NULL, NULL, b'1');
INSERT INTO `org_user` VALUES ('433c838baaca41fe8d5199e02d93c697', 'pm20PzZD4Jyh3zOWzCtEbQiEiE', '38084155663149', 'c128982a69954165afd584c9b64863e2', '112621122', '176357148955652512', '18817710699', '880', '', b'0', b'0', b'1', b'0', '伊谷', 1, '', '', NULL, 'https://static-legacy.dingtalk.com/media/lADPBbCc2yNNw1DNArnNArk_697_697.jpg', '', NULL, NULL, b'1');
INSERT INTO `org_user` VALUES ('a46bd7091a4d41b8b2cf6b927c1ea923', 'aJpP9iSFMZYhRsv1gQzIebAiEiE', '176850482139834352', 'c128982a69954165afd584c9b64863e2', '112621122', '176358512102693512', '18860484061', '870', '', b'0', b'0', b'1', b'0', '齐丽丽', 1, '', NULL, NULL, 'https://static-legacy.dingtalk.com/media/lADPDgQ9rrm0pDPNA7_NA78_959_959.jpg', NULL, NULL, NULL, b'1');
INSERT INTO `org_user` VALUES ('950f59ee229f457d8a4ad59442296018', '4rswqcBpfRgC7fFNJCy7tgiEiE', '19431116101255531', 'c128982a69954165afd584c9b64863e2', '112621122', '176360429882850512', '15656562697', '848', '', b'1', b'0', b'1', b'0', '魏姚', 1, '', '', NULL, 'https://static-legacy.dingtalk.com/media/lADPBbCc1eDD18rNAtjNBDM_1075_728.jpg', '', NULL, NULL, b'1');
INSERT INTO `org_user` VALUES ('0029867571ba4b069c80e8277348a1f7', 't9PNNqdnINCh3zOWzCtEbQiEiE', '010121551629136949', 'c128982a69954165afd584c9b64863e2', '112621122', '180013702403484660', '17098079188', '913', '', b'1', b'0', b'1', b'1', '王国勇', 1, '', '', NULL, 'https://static-legacy.dingtalk.com/media/lADPDgQ9q0Gwa4DNAVPNAt0_733_339.jpg', '', NULL, NULL, b'1');
INSERT INTO `org_user` VALUES ('91544f217c7d479f9bb83d39f36c7f4d', 'ItIGNwxR7ii5Rsv1gQzIebAiEiE', '2507640341938140', 'c128982a69954165afd584c9b64863e2', '112621122', '176361547000685512', '13084042075', '849', '', b'1', b'0', b'1', b'0', '王勇', 1, '软件工程师', '', NULL, '', '', NULL, NULL, b'1');
INSERT INTO `org_user` VALUES ('679b4e6ef3a64dfebacf58e865a32e79', 'GXuoeeBYI05Rsv1gQzIebAiEiE', '1719486551-1242025870', '56ac53e5f83d4755ad77f5f2321ca6b8', '130232036', '176330249304863512', '18505519001', '961', '', b'0', b'0', b'1', b'0', '余荣（合肥服务商）', 1, '', NULL, NULL, 'https://static-legacy.dingtalk.com/media/lADPBbCc1h5ZzXHM_8z-_254_255.jpg', NULL, NULL, NULL, b'1');
INSERT INTO `org_user` VALUES ('fed5440e7ca1410b90ed8f55e5176d32', 'IrW2J6aO6MjuWo5jK96piiQiEiE', '061049674530640492', '56ac53e5f83d4755ad77f5f2321ca6b8', '130232036', '176342367762385512', '18019556777', '946', '', b'0', b'0', b'1', b'0', '秦云海', 1, '', NULL, NULL, 'https://static-legacy.dingtalk.com/media/lADPDgQ9qztEdyTNAnbNAkM_579_630.jpg', NULL, NULL, NULL, b'1');
INSERT INTO `org_user` VALUES ('812e669c945348148bdc128674768b11', 'CrRSHbUMAuPEHcNgwpE0gwiEiE', '106612090830696499', '56ac53e5f83d4755ad77f5f2321ca6b8', '130232036', '176350751701161512', '18792176602', '927', '', b'0', b'0', b'1', b'0', '程俣鑫', 1, '', NULL, NULL, 'https://static-legacy.dingtalk.com/media/lADPD3lGo2_oHJTNAXTNAXQ_372_372.jpg', NULL, NULL, NULL, b'1');

-- ----------------------------
-- Table structure for org_user_department
-- ----------------------------
DROP TABLE IF EXISTS `org_user_department`;
CREATE TABLE `org_user_department`  (
  `id` varchar(255) CHARACTER SET utf8 COLLATE utf8_general_ci NOT NULL,
  `sourceId` varchar(255) CHARACTER SET utf8 COLLATE utf8_general_ci NULL DEFAULT NULL,
  `sourceDepartmentId` varchar(255) CHARACTER SET utf8 COLLATE utf8_general_ci NULL DEFAULT NULL,
  `userId` varchar(255) CHARACTER SET utf8 COLLATE utf8_general_ci NULL DEFAULT NULL,
  `departmentId` varchar(255) CHARACTER SET utf8 COLLATE utf8_general_ci NULL DEFAULT NULL,
  `isShow` bit(1) NULL DEFAULT NULL
) ENGINE = InnoDB CHARACTER SET = utf8 COLLATE = utf8_general_ci ROW_FORMAT = Dynamic;

-- ----------------------------
-- Records of org_user_department
-- ----------------------------
INSERT INTO `org_user_department` VALUES ('6ff8a0b11f3743b88dd7a60c75ca858f', '04571554845952', '59676092', 'fd15b9d95ac643868e8da0015a99b3e5', '4ff1794f907942f399fc231dea04d058', b'1');
INSERT INTO `org_user_department` VALUES ('b3265345fdea49ebaebe752b39d8a52f', '04571554845952', '59541038', 'fd15b9d95ac643868e8da0015a99b3e5', '4ff1794f907942f399fc231dea04d058', b'1');
INSERT INTO `org_user_department` VALUES ('e7e37efdeb80444eac63d317f05d9261', '04571554845952', '59574011', 'fd15b9d95ac643868e8da0015a99b3e5', '4ff1794f907942f399fc231dea04d058', b'1');
INSERT INTO `org_user_department` VALUES ('591c43f9318a4e58a55e4db4309568b8', '04571554845952', '59548043', 'fd15b9d95ac643868e8da0015a99b3e5', '4ff1794f907942f399fc231dea04d058', b'1');
INSERT INTO `org_user_department` VALUES ('cb2f88ffde8345f18e1d5e5172305544', '060404153038267056', '130232036', '2cfae019f1b24db4bc4e3af95be87ebd', '56ac53e5f83d4755ad77f5f2321ca6b8', b'1');
INSERT INTO `org_user_department` VALUES ('49d9dadd3c194f49a502d33c0c926b04', '060404153038267056', '94933134', '2cfae019f1b24db4bc4e3af95be87ebd', '56ac53e5f83d4755ad77f5f2321ca6b8', b'1');
INSERT INTO `org_user_department` VALUES ('4e8ffeec9c6442879c1f3b12de8f5d2a', '1925052648784157', '94933134', '729cd3bc93994f1fb9704bf2ec9d6871', 'd6c8eeaeb40e4c7c962eba13bac1179f', b'1');
INSERT INTO `org_user_department` VALUES ('f800e3bf589840118b56f2fdaaf76f79', '422243728117', '94933134', 'f3341e161dda483e80e76aed381efaa8', 'd6c8eeaeb40e4c7c962eba13bac1179f', b'1');
INSERT INTO `org_user_department` VALUES ('ed3730123aa049c9a3e9ff5627928d3c', '234660413821525890', '94933134', '1ccf673d3ee34f609a667a67213cca26', 'd6c8eeaeb40e4c7c962eba13bac1179f', b'1');
INSERT INTO `org_user_department` VALUES ('17633a77a6cd45de824ce4b23060f49b', '42682328893985160', '94933134', '5fe88570afd54147a79e34b7bca37bbd', '56ac53e5f83d4755ad77f5f2321ca6b8', b'1');
INSERT INTO `org_user_department` VALUES ('545c5912732242ecb98a54c5c10eb2e0', '42682328893985160', '130232036', '5fe88570afd54147a79e34b7bca37bbd', '56ac53e5f83d4755ad77f5f2321ca6b8', b'1');
INSERT INTO `org_user_department` VALUES ('ee515486b82343af9133c19bf199468c', '4319304032735260', '94933134', 'e36031d72f954e0193ee6837f866b12f', '56ac53e5f83d4755ad77f5f2321ca6b8', b'1');
INSERT INTO `org_user_department` VALUES ('a592e0cfa2ea410184d9ecc2ede2356f', '4319304032735260', '130232036', 'e36031d72f954e0193ee6837f866b12f', '56ac53e5f83d4755ad77f5f2321ca6b8', b'1');
INSERT INTO `org_user_department` VALUES ('48551966831549fab5996ca6e35de73d', '51594024776243', '94933134', '3c3bba2364ca41d88a03019b26de3d25', 'd6c8eeaeb40e4c7c962eba13bac1179f', b'1');
INSERT INTO `org_user_department` VALUES ('4606a31346384a5db9d1c0434228db13', '1248153130112202110', '94933134', '2cb375d4712f46c7aefa7bd7fbca5160', 'd6c8eeaeb40e4c7c962eba13bac1179f', b'1');
INSERT INTO `org_user_department` VALUES ('c93c2c7bf6dc46c695a3110279923062', '096021143229408553', '94933134', '320c699f8554450da1eb03576a0df6c6', 'd6c8eeaeb40e4c7c962eba13bac1179f', b'1');
INSERT INTO `org_user_department` VALUES ('b35f2e5ec1cd4e329d9cf5c23ec948e3', '10053847161143049', '94933134', '92dd18e413094870ad96336562b1d9ca', 'd6c8eeaeb40e4c7c962eba13bac1179f', b'1');
INSERT INTO `org_user_department` VALUES ('6d3b471b2e77468a86420f54184741c7', '021637090337871000', '94933134', '021ad0106faa4917a3a147562e8eb5f5', 'd6c8eeaeb40e4c7c962eba13bac1179f', b'1');
INSERT INTO `org_user_department` VALUES ('5314f8d74ea7486da3a225b4781d6960', '0566626523779290', '94933134', '834043807a3c4cc5bab756262d1f034d', 'd6c8eeaeb40e4c7c962eba13bac1179f', b'1');
INSERT INTO `org_user_department` VALUES ('4a7764b71cf14ea2a343f14b33d93c86', '022249426024060388', '118201322', '45980b36aeee471da039e17e2092be2a', '412eaeab2bf94ba58ef9a2f7c176a58b', b'1');
INSERT INTO `org_user_department` VALUES ('6618ca3725164745bed96d6c9dc31837', '03294730541298598', '118201322', '656e06ac436547a294ce3921691a73b0', '412eaeab2bf94ba58ef9a2f7c176a58b', b'1');
INSERT INTO `org_user_department` VALUES ('6c6f2b6bdac64a9aad01b2bc1f1d8465', '6114180435252722', '118201322', 'cef5179547d84ee49cb2e58e9c7ec54b', '412eaeab2bf94ba58ef9a2f7c176a58b', b'1');
INSERT INTO `org_user_department` VALUES ('66a6c97f15294dcdbee1c21541136640', '016350162129623166', '118902156', '780c59e67bdb4d37be5a4097d41b24d9', 'a4f382df9d7742f297de40cc6fb3760b', b'1');
INSERT INTO `org_user_department` VALUES ('b63fd790d29a4c108614c2e1e2bb04eb', '01106319071139738324', '129980859', '7515cf399f614854bf27a0e561466da4', '97d277f32408443194eeccbbda5c7469', b'1');
INSERT INTO `org_user_department` VALUES ('3baff87df6d142d0be909b4e1acb9ee9', '2541143847844339', '130015871', 'a887794e2ee54b40b0cbe2347007a174', 'bb7a9fe8984345dfa36c03750d635dcb', b'1');
INSERT INTO `org_user_department` VALUES ('0c2908439c41415c8ba03b3f6283a32b', '0626065420525875700', '130015871', 'ec12bcae1aa04c438fe7bf8f707dff36', 'bb7a9fe8984345dfa36c03750d635dcb', b'1');
INSERT INTO `org_user_department` VALUES ('726e615110d340baa79c1eba8457a62c', '0962015963782921', '130015871', 'a90ad219708046f8974f4355053fd192', 'bb7a9fe8984345dfa36c03750d635dcb', b'1');
INSERT INTO `org_user_department` VALUES ('4c2e759f625f42278616ceb551f81c75', '010121545426157217', '130015871', '1e8c6a5495a948498d55b4c492e0d5f6', 'bb7a9fe8984345dfa36c03750d635dcb', b'1');
INSERT INTO `org_user_department` VALUES ('50274f46bf6d4f7d9a44a3b8a7760a53', '243114281620927512', '130015871', 'a0a7ebe950e549a2a54d9ca48b879d06', 'bb7a9fe8984345dfa36c03750d635dcb', b'1');
INSERT INTO `org_user_department` VALUES ('959a5260a4d94eab8c9f87d52be24973', '0107336968750870', '112621122', 'a14579e1c11c483b893bc2ce278d6485', 'c128982a69954165afd584c9b64863e2', b'1');
INSERT INTO `org_user_department` VALUES ('817888f016c34bf0b6f2957600ef096c', '0107336968750870', '130015871', 'a14579e1c11c483b893bc2ce278d6485', 'c128982a69954165afd584c9b64863e2', b'1');
INSERT INTO `org_user_department` VALUES ('5a4bc22216f74869977976decd6e612c', '1022135741839324', '130015871', '4c45ee4325c34ff3b3033a24fed9c710', 'bb7a9fe8984345dfa36c03750d635dcb', b'1');
INSERT INTO `org_user_department` VALUES ('11129beda83146a89403fde98e764f3d', '20013252001238116', '130015871', '52ae462406574f6abe57e502100beff9', 'bb7a9fe8984345dfa36c03750d635dcb', b'1');
INSERT INTO `org_user_department` VALUES ('86c38cc031bb4bc1a4e95e3b0c731761', '096645075621397202', '130015871', '05da8d6b91384a52aead455dbcc295ac', 'bb7a9fe8984345dfa36c03750d635dcb', b'1');
INSERT INTO `org_user_department` VALUES ('a64ee5832de547bba2793a271323893f', '1814421836937791', '130015871', 'a16d118de30847f39dab6d5114f9fc6c', 'bb7a9fe8984345dfa36c03750d635dcb', b'1');
INSERT INTO `org_user_department` VALUES ('aae7db2533e440c89dd632893cd67ed1', '011225045138035603', '112621122', 'd62e0d8b15664909ac80a9288e4f57a4', 'c128982a69954165afd584c9b64863e2', b'1');
INSERT INTO `org_user_department` VALUES ('38cebd42db8644c88248832516885a03', '235823231420960822', '112621122', '29064e459ca046429371b9bba4639c35', 'c128982a69954165afd584c9b64863e2', b'1');
INSERT INTO `org_user_department` VALUES ('f6b8699b9c1845ddb1054e94d8aee320', '034562285124046639', '112621122', '16b22187f1ac44ad83866e68a73285ee', 'c128982a69954165afd584c9b64863e2', b'1');
INSERT INTO `org_user_department` VALUES ('18c232d6c7104bed8e24e08526431cb8', '013644493136282789', '112621122', 'a328111de4f848ba8986509687b060bf', 'c128982a69954165afd584c9b64863e2', b'1');
INSERT INTO `org_user_department` VALUES ('3f95a23c522840cea87aad04f9f742a0', '2254632830969411', '112621122', '7aec292bb1034916ba0c329d3b1a3db1', 'c128982a69954165afd584c9b64863e2', b'1');
INSERT INTO `org_user_department` VALUES ('dfa5ab13b7b1408e98f9459011d52d14', '2854156549682418', '112621122', 'd6150c04bbbe4951ab3f8c3a48138b5c', 'c128982a69954165afd584c9b64863e2', b'1');
INSERT INTO `org_user_department` VALUES ('d4c3513d3a9248208cd24eb1b6a9c55a', '214969556026055670', '112621122', 'a8b6157246a44e42bce8a2f2a5dc9671', 'c128982a69954165afd584c9b64863e2', b'1');
INSERT INTO `org_user_department` VALUES ('504d2071f67944f98238f81fdaa013a9', '38084155663149', '112621122', '433c838baaca41fe8d5199e02d93c697', 'c128982a69954165afd584c9b64863e2', b'1');
INSERT INTO `org_user_department` VALUES ('7173b106addf401f9d9ff94710f53bec', '176850482139834352', '112621122', 'a46bd7091a4d41b8b2cf6b927c1ea923', 'c128982a69954165afd584c9b64863e2', b'1');
INSERT INTO `org_user_department` VALUES ('ac46161ee3c543e187eaa3f6e6d787cf', '19431116101255531', '112621122', '950f59ee229f457d8a4ad59442296018', 'c128982a69954165afd584c9b64863e2', b'1');
INSERT INTO `org_user_department` VALUES ('0f67faaca689415b83dfb43db1eb1152', '010121551629136949', '112621122', '0029867571ba4b069c80e8277348a1f7', 'c128982a69954165afd584c9b64863e2', b'1');
INSERT INTO `org_user_department` VALUES ('f0489d0dd1564a4ba1fab3b26e69cfc1', '2507640341938140', '112621122', '91544f217c7d479f9bb83d39f36c7f4d', 'c128982a69954165afd584c9b64863e2', b'1');
INSERT INTO `org_user_department` VALUES ('d3d5c3686c2a4620a4bcb55e0c03f0cc', '1719486551-1242025870', '130232036', '679b4e6ef3a64dfebacf58e865a32e79', '56ac53e5f83d4755ad77f5f2321ca6b8', b'1');
INSERT INTO `org_user_department` VALUES ('137d69fb786f4646b3cef9f88a495087', '061049674530640492', '130232036', 'fed5440e7ca1410b90ed8f55e5176d32', '56ac53e5f83d4755ad77f5f2321ca6b8', b'1');
INSERT INTO `org_user_department` VALUES ('83d755a6f55b41f4a07c91fda357f087', '106612090830696499', '130232036', '812e669c945348148bdc128674768b11', '56ac53e5f83d4755ad77f5f2321ca6b8', b'1');

-- ----------------------------
-- Table structure for personal_attendance
-- ----------------------------
DROP TABLE IF EXISTS `personal_attendance`;
CREATE TABLE `personal_attendance`  (
  `id` varchar(255) CHARACTER SET utf8 COLLATE utf8_general_ci NOT NULL COMMENT ' id值',
  `userId` varchar(255) CHARACTER SET utf8 COLLATE utf8_general_ci NULL DEFAULT NULL COMMENT '用户id',
  `departmentId` varchar(255) CHARACTER SET utf8 COLLATE utf8_general_ci NULL DEFAULT NULL COMMENT '部门id',
  `work_time` datetime(0) NULL DEFAULT NULL COMMENT '工作时间',
  `duration` double(3, 1) NULL DEFAULT NULL COMMENT '时长'
) ENGINE = InnoDB CHARACTER SET = utf8 COLLATE = utf8_general_ci ROW_FORMAT = Dynamic;

-- ----------------------------
-- Records of personal_attendance
-- ----------------------------
INSERT INTO `personal_attendance` VALUES ('6382ba494abe4f1a849b0d630212d019', '29064e459ca046429371b9bba4639c35', 'c128982a69954165afd584c9b64863e2', '2020-05-21 00:00:00', 0.0);
INSERT INTO `personal_attendance` VALUES ('02de5a9a69c34cbd86c3a05bfbcd3ae8', '29064e459ca046429371b9bba4639c35', 'c128982a69954165afd584c9b64863e2', '2020-05-23 00:00:00', 0.0);
INSERT INTO `personal_attendance` VALUES ('d467b9eb80da47d4a5222c8873e6bdb5', '29064e459ca046429371b9bba4639c35', 'c128982a69954165afd584c9b64863e2', '2020-05-24 00:00:00', 0.0);
INSERT INTO `personal_attendance` VALUES ('110f4319441e49a2bfd1a8a8ebdbe956', '29064e459ca046429371b9bba4639c35', 'c128982a69954165afd584c9b64863e2', '2020-05-25 00:00:00', 0.0);

-- ----------------------------
-- Table structure for personal_attendance_detail
-- ----------------------------
DROP TABLE IF EXISTS `personal_attendance_detail`;
CREATE TABLE `personal_attendance_detail`  (
  `id` varchar(255) CHARACTER SET utf8 COLLATE utf8_general_ci NOT NULL COMMENT 'id值',
  `created_time` datetime(0) NULL DEFAULT NULL COMMENT '考勤数据创建时间',
  `personal_attendance_id` varchar(255) CHARACTER SET utf8 COLLATE utf8_general_ci NULL DEFAULT NULL COMMENT '人员每日考勤时长',
  `team_id` varchar(255) CHARACTER SET utf8 COLLATE utf8_general_ci NULL DEFAULT NULL COMMENT '班组id',
  `start_time` datetime(0) NULL DEFAULT NULL COMMENT '打卡开始时间',
  `end_time` datetime(0) NULL DEFAULT NULL COMMENT '打卡结束时间',
  `duration` double(3, 1) NULL DEFAULT NULL COMMENT '时长',
  `status` varchar(255) CHARACTER SET utf8 COLLATE utf8_general_ci NULL DEFAULT NULL COMMENT '状态 异常 / 正常'
) ENGINE = InnoDB CHARACTER SET = utf8 COLLATE = utf8_general_ci ROW_FORMAT = Dynamic;

-- ----------------------------
-- Records of personal_attendance_detail
-- ----------------------------
INSERT INTO `personal_attendance_detail` VALUES ('83a3f897200949e0870abe28317aeddb', NULL, '6382ba494abe4f1a849b0d630212d019', 'c37fa55e98ee11eabb420068eb560e54', '2020-05-21 10:30:00', '2020-05-21 10:34:16', -0.1, '正常');
INSERT INTO `personal_attendance_detail` VALUES ('00d29785abf64e189db3dbfdb389302d', NULL, '6382ba494abe4f1a849b0d630212d019', 'c37fa55e98ee11eabb420068eb560e54', '2020-05-21 10:38:04', '2020-05-21 10:38:04', 0.0, '正常');
INSERT INTO `personal_attendance_detail` VALUES ('44056d892deb41a89ad343c3bc2edf62', NULL, '6382ba494abe4f1a849b0d630212d019', 'c37fa55e98ee11eabb420068eb560e54', '2020-05-21 10:39:05', '2020-05-21 10:44:26', 0.1, '正常');
INSERT INTO `personal_attendance_detail` VALUES ('37a57ae282f0473c8a91bbeca70425a3', NULL, '6382ba494abe4f1a849b0d630212d019', 'c37fa55e98ee11eabb420068eb560e54', '2020-05-21 10:44:26', NULL, 0.0, '异常');
INSERT INTO `personal_attendance_detail` VALUES ('c349bf7044b84f1a8ef537ca28c03fa0', NULL, '02de5a9a69c34cbd86c3a05bfbcd3ae8', 'c37fa55e98ee11eabb420068eb560e54', '2020-05-23 09:50:00', '2020-05-23 17:53:23', 8.1, '正常');
INSERT INTO `personal_attendance_detail` VALUES ('b9b5f9a9b755455fb51b960e93b2958a', NULL, '02de5a9a69c34cbd86c3a05bfbcd3ae8', 'c37fa55e98ee11eabb420068eb560e54', '2020-05-23 23:50:20', '2020-05-23 23:51:26', 0.0, '正常');
INSERT INTO `personal_attendance_detail` VALUES ('d4ae5ef192fc4562b831852a07527cd2', NULL, '02de5a9a69c34cbd86c3a05bfbcd3ae8', 'c37fa55e98ee11eabb420068eb560e54', '2020-05-23 23:55:18', '2020-05-23 23:55:18', 0.0, '正常');
INSERT INTO `personal_attendance_detail` VALUES ('97c003fc68f642288199449e0b253fc4', NULL, '02de5a9a69c34cbd86c3a05bfbcd3ae8', 'c37fa55e98ee11eabb420068eb560e54', '2020-05-23 23:55:18', NULL, 0.0, '正常');
INSERT INTO `personal_attendance_detail` VALUES ('0ae2045f328245808f27dd2743be8b39', NULL, '02de5a9a69c34cbd86c3a05bfbcd3ae8', 'c37fa55e98ee11eabb420068eb560e54', '2020-05-23 23:59:13', '2020-05-23 23:59:13', 0.0, '正常');
INSERT INTO `personal_attendance_detail` VALUES ('0f00550676b44b5d973f85c4e12ef711', NULL, 'd467b9eb80da47d4a5222c8873e6bdb5', 'c37fa55e98ee11eabb420068eb560e54', '2020-05-24 09:00:00', '2020-05-25 17:06:17', 32.1, '正常');
INSERT INTO `personal_attendance_detail` VALUES ('251107c423ac423fb9428a4e7e5f8e17', '2020-05-25 17:26:32', '110f4319441e49a2bfd1a8a8ebdbe956', 'c37fa55e98ee11eabb420068eb560e54', '2020-05-25 20:00:00', '2020-05-25 20:00:00', 0.0, '正常');
INSERT INTO `personal_attendance_detail` VALUES ('d15d1befb7e7443ea0eee59d35e1b7c7', '2020-05-25 17:41:25', '110f4319441e49a2bfd1a8a8ebdbe956', 'c37fa55e98ee11eabb420068eb560e54', '2020-05-25 20:00:00', NULL, 0.0, '异常');
INSERT INTO `personal_attendance_detail` VALUES ('a06ce0b2beca4820beec3bbc7f9abdf2', '2020-05-25 18:35:38', '110f4319441e49a2bfd1a8a8ebdbe956', 'c37fa55e98ee11eabb420068eb560e53', '2020-05-25 20:00:00', '2020-05-25 20:00:00', 0.0, '正常');

-- ----------------------------
-- Table structure for sys_attendance_machine
-- ----------------------------
DROP TABLE IF EXISTS `sys_attendance_machine`;
CREATE TABLE `sys_attendance_machine`  (
  `id` varchar(255) CHARACTER SET utf8 COLLATE utf8_general_ci NOT NULL COMMENT '考勤机id',
  `team_info` varchar(255) CHARACTER SET utf8 COLLATE utf8_general_ci NULL DEFAULT NULL COMMENT '班组id',
  `mac` varchar(255) CHARACTER SET utf8 COLLATE utf8_general_ci NULL DEFAULT NULL COMMENT '考勤机mac地址'
) ENGINE = InnoDB CHARACTER SET = utf8 COLLATE = utf8_general_ci ROW_FORMAT = Dynamic;

-- ----------------------------
-- Records of sys_attendance_machine
-- ----------------------------
INSERT INTO `sys_attendance_machine` VALUES ('04cbda979a6a11ea86b60068eb560e55', 'c37fa55e98ee11eabb420068eb560e54', '18:bc:5a:93:22:81');
INSERT INTO `sys_attendance_machine` VALUES ('04cbda979a6a11ea86b60068eb560e54', 'c37fa55e98ee11eabb420068eb560e53', '18:bc:5a:93:22:82');
INSERT INTO `sys_attendance_machine` VALUES ('04cbda979a6a11ea86b60068eb560e56', 'c37fa55e98ee11eabb420068eb560e54', '18:bc:5a:93:22:83');

-- ----------------------------
-- Table structure for sys_team_info
-- ----------------------------
DROP TABLE IF EXISTS `sys_team_info`;
CREATE TABLE `sys_team_info`  (
  `id` varchar(255) CHARACTER SET utf8 COLLATE utf8_general_ci NOT NULL COMMENT 'id',
  `name` varchar(255) CHARACTER SET utf8 COLLATE utf8_general_ci NULL DEFAULT NULL COMMENT '班组名称',
  `punch_time` datetime(0) NULL DEFAULT NULL COMMENT '打卡时间',
  `flexible_work_time` int(11) NULL DEFAULT NULL COMMENT '弹性工作时间（分钟）'
) ENGINE = InnoDB CHARACTER SET = utf8 COLLATE = utf8_general_ci ROW_FORMAT = Dynamic;

-- ----------------------------
-- Records of sys_team_info
-- ----------------------------
INSERT INTO `sys_team_info` VALUES ('c37fa55e98ee11eabb420068eb560e54', '一组', '2020-05-21 20:00:00', 5);
INSERT INTO `sys_team_info` VALUES ('c37fa55e98ee11eabb420068eb560e53', '二组', '2020-05-25 20:00:00', 5);
INSERT INTO `sys_team_info` VALUES ('72c1e2af9f2e11eab3350068eb560e55', '二组', '2020-06-01 23:59:59', 50);

-- ----------------------------
-- Table structure for t_dept
-- ----------------------------
DROP TABLE IF EXISTS `t_dept`;
CREATE TABLE `t_dept`  (
  `DEPT_ID` bigint(20) NOT NULL AUTO_INCREMENT COMMENT '部门ID',
  `PARENT_ID` bigint(20) NOT NULL COMMENT '上级部门ID',
  `DEPT_NAME` varchar(100) CHARACTER SET utf8 COLLATE utf8_general_ci NOT NULL COMMENT '部门名称',
  `ORDER_NUM` bigint(20) NULL DEFAULT NULL COMMENT '排序',
  `CREATE_TIME` datetime(0) NULL DEFAULT NULL COMMENT '创建时间',
  `MODIFY_TIME` datetime(0) NULL DEFAULT NULL COMMENT '修改时间',
  PRIMARY KEY (`DEPT_ID`) USING BTREE,
  INDEX `t_dept_parent_id`(`PARENT_ID`) USING BTREE,
  INDEX `t_dept_dept_name`(`DEPT_NAME`) USING BTREE
) ENGINE = InnoDB AUTO_INCREMENT = 11 CHARACTER SET = utf8 COLLATE = utf8_general_ci COMMENT = '部门表' ROW_FORMAT = Dynamic;

-- ----------------------------
-- Records of t_dept
-- ----------------------------
INSERT INTO `t_dept` VALUES (1, 0, '开发部', 1, '2019-06-14 20:56:41', NULL);
INSERT INTO `t_dept` VALUES (2, 1, '开发一部', 1, '2019-06-14 20:58:46', NULL);
INSERT INTO `t_dept` VALUES (3, 1, '开发二部', 2, '2019-06-14 20:58:56', NULL);
INSERT INTO `t_dept` VALUES (4, 0, '采购部', 2, '2019-06-14 20:59:56', NULL);
INSERT INTO `t_dept` VALUES (5, 0, '财务部', 3, '2019-06-14 21:00:08', NULL);
INSERT INTO `t_dept` VALUES (6, 0, '销售部', 4, '2019-06-14 21:00:15', NULL);
INSERT INTO `t_dept` VALUES (7, 0, '工程部', 5, '2019-06-14 21:00:42', NULL);
INSERT INTO `t_dept` VALUES (8, 0, '行政部', 6, '2019-06-14 21:00:49', NULL);
INSERT INTO `t_dept` VALUES (9, 0, '人力资源部', 8, '2019-06-14 21:01:14', '2019-06-14 21:01:34');
INSERT INTO `t_dept` VALUES (10, 0, '系统部', 7, '2019-06-14 21:01:31', NULL);

-- ----------------------------
-- Table structure for t_eximport
-- ----------------------------
DROP TABLE IF EXISTS `t_eximport`;
CREATE TABLE `t_eximport`  (
  `FIELD1` varchar(20) CHARACTER SET utf8 COLLATE utf8_general_ci NOT NULL COMMENT '字段1',
  `FIELD2` int(11) NOT NULL COMMENT '字段2',
  `FIELD3` varchar(100) CHARACTER SET utf8 COLLATE utf8_general_ci NOT NULL COMMENT '字段3',
  `CREATE_TIME` datetime(0) NOT NULL
) ENGINE = MyISAM CHARACTER SET = utf8 COLLATE = utf8_general_ci COMMENT = 'Excel导入导出测试' ROW_FORMAT = Dynamic;

-- ----------------------------
-- Records of t_eximport
-- ----------------------------
INSERT INTO `t_eximport` VALUES ('字段1', 1, 'mrbird0@gmail.com', '2019-06-13 03:14:06');
INSERT INTO `t_eximport` VALUES ('字段1', 2, 'mrbird1@gmail.com', '2019-06-13 03:14:06');
INSERT INTO `t_eximport` VALUES ('字段1', 3, 'mrbird2@gmail.com', '2019-06-13 03:14:06');
INSERT INTO `t_eximport` VALUES ('字段1', 4, 'mrbird3@gmail.com', '2019-06-13 03:14:06');
INSERT INTO `t_eximport` VALUES ('字段1', 5, 'mrbird4@gmail.com', '2019-06-13 03:14:06');
INSERT INTO `t_eximport` VALUES ('字段1', 6, 'mrbird5@gmail.com', '2019-06-13 03:14:06');
INSERT INTO `t_eximport` VALUES ('字段1', 7, 'mrbird6@gmail.com', '2019-06-13 03:14:06');
INSERT INTO `t_eximport` VALUES ('字段1', 8, 'mrbird7@gmail.com', '2019-06-13 03:14:06');
INSERT INTO `t_eximport` VALUES ('字段1', 9, 'mrbird8@gmail.com', '2019-06-13 03:14:06');
INSERT INTO `t_eximport` VALUES ('字段1', 10, 'mrbird9@gmail.com', '2019-06-13 03:14:06');
INSERT INTO `t_eximport` VALUES ('字段1', 11, 'mrbird10@gmail.com', '2019-06-13 03:14:06');
INSERT INTO `t_eximport` VALUES ('字段1', 12, 'mrbird11@gmail.com', '2019-06-13 03:14:06');
INSERT INTO `t_eximport` VALUES ('字段1', 13, 'mrbird12@gmail.com', '2019-06-13 03:14:06');
INSERT INTO `t_eximport` VALUES ('字段1', 14, 'mrbird13@gmail.com', '2019-06-13 03:14:06');
INSERT INTO `t_eximport` VALUES ('字段1', 15, 'mrbird14@gmail.com', '2019-06-13 03:14:06');
INSERT INTO `t_eximport` VALUES ('字段1', 16, 'mrbird15@gmail.com', '2019-06-13 03:14:06');
INSERT INTO `t_eximport` VALUES ('字段1', 17, 'mrbird16@gmail.com', '2019-06-13 03:14:06');
INSERT INTO `t_eximport` VALUES ('字段1', 18, 'mrbird17@gmail.com', '2019-06-13 03:14:06');
INSERT INTO `t_eximport` VALUES ('字段1', 19, 'mrbird18@gmail.com', '2019-06-13 03:14:06');
INSERT INTO `t_eximport` VALUES ('字段1', 20, 'mrbird19@gmail.com', '2019-06-13 03:14:06');

-- ----------------------------
-- Table structure for t_generator_config
-- ----------------------------
DROP TABLE IF EXISTS `t_generator_config`;
CREATE TABLE `t_generator_config`  (
  `id` int(11) NOT NULL COMMENT '主键',
  `author` varchar(20) CHARACTER SET utf8 COLLATE utf8_general_ci NOT NULL COMMENT '作者',
  `base_package` varchar(50) CHARACTER SET utf8 COLLATE utf8_general_ci NOT NULL COMMENT '基础包名',
  `entity_package` varchar(20) CHARACTER SET utf8 COLLATE utf8_general_ci NOT NULL COMMENT 'entity文件存放路径',
  `mapper_package` varchar(20) CHARACTER SET utf8 COLLATE utf8_general_ci NOT NULL COMMENT 'mapper文件存放路径',
  `mapper_xml_package` varchar(20) CHARACTER SET utf8 COLLATE utf8_general_ci NOT NULL COMMENT 'mapper xml文件存放路径',
  `service_package` varchar(20) CHARACTER SET utf8 COLLATE utf8_general_ci NOT NULL COMMENT 'servcie文件存放路径',
  `service_impl_package` varchar(20) CHARACTER SET utf8 COLLATE utf8_general_ci NOT NULL COMMENT 'serviceImpl文件存放路径',
  `controller_package` varchar(20) CHARACTER SET utf8 COLLATE utf8_general_ci NOT NULL COMMENT 'controller文件存放路径',
  `is_trim` char(1) CHARACTER SET utf8 COLLATE utf8_general_ci NOT NULL COMMENT '是否去除前缀 1是 0否',
  `trim_value` varchar(10) CHARACTER SET utf8 COLLATE utf8_general_ci NULL DEFAULT NULL COMMENT '前缀内容',
  PRIMARY KEY (`id`) USING BTREE
) ENGINE = InnoDB CHARACTER SET = utf8 COLLATE = utf8_general_ci COMMENT = '代码生成配置表' ROW_FORMAT = Dynamic;

-- ----------------------------
-- Records of t_generator_config
-- ----------------------------
INSERT INTO `t_generator_config` VALUES (1, 'MrBird', 'cc.mrbird.febs.gen', 'entity', 'mapper', 'mapper', 'service', 'service.impl', 'controller', '1', 't_');

-- ----------------------------
-- Table structure for t_job
-- ----------------------------
DROP TABLE IF EXISTS `t_job`;
CREATE TABLE `t_job`  (
  `JOB_ID` bigint(20) NOT NULL AUTO_INCREMENT COMMENT '任务id',
  `BEAN_NAME` varchar(50) CHARACTER SET utf8 COLLATE utf8_general_ci NOT NULL COMMENT 'spring bean名称',
  `METHOD_NAME` varchar(50) CHARACTER SET utf8 COLLATE utf8_general_ci NOT NULL COMMENT '方法名',
  `PARAMS` varchar(50) CHARACTER SET utf8 COLLATE utf8_general_ci NULL DEFAULT NULL COMMENT '参数',
  `CRON_EXPRESSION` varchar(20) CHARACTER SET utf8 COLLATE utf8_general_ci NOT NULL COMMENT 'cron表达式',
  `STATUS` char(2) CHARACTER SET utf8 COLLATE utf8_general_ci NOT NULL COMMENT '任务状态  0：正常  1：暂停',
  `REMARK` varchar(50) CHARACTER SET utf8 COLLATE utf8_general_ci NULL DEFAULT NULL COMMENT '备注',
  `CREATE_TIME` datetime(0) NULL DEFAULT NULL COMMENT '创建时间',
  PRIMARY KEY (`JOB_ID`) USING BTREE,
  INDEX `t_job_create_time`(`CREATE_TIME`) USING BTREE
) ENGINE = InnoDB AUTO_INCREMENT = 12 CHARACTER SET = utf8 COLLATE = utf8_general_ci COMMENT = '定时任务表' ROW_FORMAT = Dynamic;

-- ----------------------------
-- Records of t_job
-- ----------------------------
INSERT INTO `t_job` VALUES (1, 'testTask', 'test', 'mrbird', '0/1 * * * * ?', '1', '有参任务调度测试~~', '2018-02-24 16:26:14');
INSERT INTO `t_job` VALUES (2, 'testTask', 'test1', NULL, '0/10 * * * * ?', '1', '无参任务调度测试', '2018-02-24 17:06:23');
INSERT INTO `t_job` VALUES (3, 'testTask', 'test', 'hello world', '0/1 * * * * ?', '1', '有参任务调度测试,每隔一秒触发', '2018-02-26 09:28:26');
INSERT INTO `t_job` VALUES (11, 'testTask', 'test2', NULL, '0/5 * * * * ?', '1', '测试异常', '2018-02-26 11:15:30');

-- ----------------------------
-- Table structure for t_job_log
-- ----------------------------
DROP TABLE IF EXISTS `t_job_log`;
CREATE TABLE `t_job_log`  (
  `LOG_ID` bigint(20) NOT NULL AUTO_INCREMENT COMMENT '任务日志id',
  `JOB_ID` bigint(20) NOT NULL COMMENT '任务id',
  `BEAN_NAME` varchar(100) CHARACTER SET utf8 COLLATE utf8_general_ci NOT NULL COMMENT 'spring bean名称',
  `METHOD_NAME` varchar(100) CHARACTER SET utf8 COLLATE utf8_general_ci NOT NULL COMMENT '方法名',
  `PARAMS` varchar(200) CHARACTER SET utf8 COLLATE utf8_general_ci NULL DEFAULT NULL COMMENT '参数',
  `STATUS` char(2) CHARACTER SET utf8 COLLATE utf8_general_ci NOT NULL COMMENT '任务状态    0：成功    1：失败',
  `ERROR` text CHARACTER SET utf8 COLLATE utf8_general_ci NULL COMMENT '失败信息',
  `TIMES` decimal(11, 0) NULL DEFAULT NULL COMMENT '耗时(单位：毫秒)',
  `CREATE_TIME` datetime(0) NULL DEFAULT NULL COMMENT '创建时间',
  PRIMARY KEY (`LOG_ID`) USING BTREE,
  INDEX `t_job_log_create_time`(`CREATE_TIME`) USING BTREE
) ENGINE = MyISAM AUTO_INCREMENT = 2562 CHARACTER SET = utf8 COLLATE = utf8_general_ci COMMENT = '调度日志表' ROW_FORMAT = Dynamic;

-- ----------------------------
-- Table structure for t_log
-- ----------------------------
DROP TABLE IF EXISTS `t_log`;
CREATE TABLE `t_log`  (
  `ID` bigint(20) NOT NULL AUTO_INCREMENT COMMENT '日志ID',
  `USERNAME` varchar(50) CHARACTER SET utf8 COLLATE utf8_general_ci NULL DEFAULT NULL COMMENT '操作用户',
  `OPERATION` text CHARACTER SET utf8 COLLATE utf8_general_ci NULL COMMENT '操作内容',
  `TIME` decimal(11, 0) NULL DEFAULT NULL COMMENT '耗时',
  `METHOD` text CHARACTER SET utf8 COLLATE utf8_general_ci NULL COMMENT '操作方法',
  `PARAMS` text CHARACTER SET utf8 COLLATE utf8_general_ci NULL COMMENT '方法参数',
  `IP` varchar(64) CHARACTER SET utf8 COLLATE utf8_general_ci NULL DEFAULT NULL COMMENT '操作者IP',
  `CREATE_TIME` datetime(0) NULL DEFAULT NULL COMMENT '创建时间',
  `location` varchar(50) CHARACTER SET utf8 COLLATE utf8_general_ci NULL DEFAULT NULL COMMENT '操作地点',
  PRIMARY KEY (`ID`) USING BTREE,
  INDEX `t_log_create_time`(`CREATE_TIME`) USING BTREE
) ENGINE = MyISAM AUTO_INCREMENT = 1011 CHARACTER SET = utf8 COLLATE = utf8_general_ci COMMENT = '操作日志表' ROW_FORMAT = Dynamic;

-- ----------------------------
-- Table structure for t_login_log
-- ----------------------------
DROP TABLE IF EXISTS `t_login_log`;
CREATE TABLE `t_login_log`  (
  `ID` bigint(11) NOT NULL AUTO_INCREMENT COMMENT 'id',
  `USERNAME` varchar(50) CHARACTER SET utf8 COLLATE utf8_general_ci NOT NULL COMMENT '用户名',
  `LOGIN_TIME` datetime(0) NOT NULL COMMENT '登录时间',
  `LOCATION` varchar(50) CHARACTER SET utf8 COLLATE utf8_general_ci NULL DEFAULT NULL COMMENT '登录地点',
  `IP` varchar(50) CHARACTER SET utf8 COLLATE utf8_general_ci NULL DEFAULT NULL COMMENT 'IP地址',
  `SYSTEM` varchar(50) CHARACTER SET utf8 COLLATE utf8_general_ci NULL DEFAULT NULL COMMENT '操作系统',
  `BROWSER` varchar(50) CHARACTER SET utf8 COLLATE utf8_general_ci NULL DEFAULT NULL COMMENT '浏览器',
  PRIMARY KEY (`ID`) USING BTREE,
  INDEX `t_login_log_login_time`(`LOGIN_TIME`) USING BTREE
) ENGINE = MyISAM AUTO_INCREMENT = 75 CHARACTER SET = utf8 COLLATE = utf8_general_ci COMMENT = '登录日志表' ROW_FORMAT = Dynamic;

-- ----------------------------
-- Records of t_login_log
-- ----------------------------
INSERT INTO `t_login_log` VALUES (70, 'mrbird', '2020-05-22 16:23:41', '内网IP|0|0|内网IP|内网IP', '192.168.132.1', 'Windows 10', 'Chrome 80');
INSERT INTO `t_login_log` VALUES (71, 'mrbird', '2020-05-22 16:28:28', '内网IP|0|0|内网IP|内网IP', '192.168.132.1', 'Windows 10', 'Chrome 80');
INSERT INTO `t_login_log` VALUES (72, 'mrbird', '2020-05-22 17:03:58', '内网IP|0|0|内网IP|内网IP', '192.168.132.1', 'Windows 10', 'Chrome 80');
INSERT INTO `t_login_log` VALUES (73, 'mrbird', '2020-05-23 17:27:37', '内网IP|0|0|内网IP|内网IP', '192.168.132.1', 'Windows 10', 'Chrome 80');
INSERT INTO `t_login_log` VALUES (74, 'mrbird', '2020-05-26 16:50:48', '内网IP|0|0|内网IP|内网IP', '192.168.132.1', 'Windows 10', 'Chrome 80');

-- ----------------------------
-- Table structure for t_menu
-- ----------------------------
DROP TABLE IF EXISTS `t_menu`;
CREATE TABLE `t_menu`  (
  `MENU_ID` bigint(20) NOT NULL AUTO_INCREMENT COMMENT '菜单/按钮ID',
  `PARENT_ID` bigint(20) NOT NULL COMMENT '上级菜单ID',
  `MENU_NAME` varchar(50) CHARACTER SET utf8 COLLATE utf8_general_ci NOT NULL COMMENT '菜单/按钮名称',
  `URL` varchar(50) CHARACTER SET utf8 COLLATE utf8_general_ci NULL DEFAULT NULL COMMENT '菜单URL',
  `PERMS` text CHARACTER SET utf8 COLLATE utf8_general_ci NULL COMMENT '权限标识',
  `ICON` varchar(50) CHARACTER SET utf8 COLLATE utf8_general_ci NULL DEFAULT NULL COMMENT '图标',
  `TYPE` char(2) CHARACTER SET utf8 COLLATE utf8_general_ci NOT NULL COMMENT '类型 0菜单 1按钮',
  `ORDER_NUM` bigint(20) NULL DEFAULT NULL COMMENT '排序',
  `CREATE_TIME` datetime(0) NOT NULL COMMENT '创建时间',
  `MODIFY_TIME` datetime(0) NULL DEFAULT NULL COMMENT '修改时间',
  PRIMARY KEY (`MENU_ID`) USING BTREE,
  INDEX `t_menu_parent_id`(`PARENT_ID`) USING BTREE,
  INDEX `t_menu_menu_id`(`MENU_ID`) USING BTREE
) ENGINE = InnoDB AUTO_INCREMENT = 176 CHARACTER SET = utf8 COLLATE = utf8_general_ci COMMENT = '菜单表' ROW_FORMAT = Dynamic;

-- ----------------------------
-- Records of t_menu
-- ----------------------------
INSERT INTO `t_menu` VALUES (1, 0, '系统管理', NULL, NULL, 'layui-icon-setting', '0', 1, '2017-12-27 16:39:07', NULL);
INSERT INTO `t_menu` VALUES (2, 0, '系统监控', '', '', 'layui-icon-alert', '0', 2, '2017-12-27 16:45:51', '2019-06-13 11:20:40');
INSERT INTO `t_menu` VALUES (3, 1, '用户管理', '/system/user', 'user:view', '', '0', 1, '2017-12-27 16:47:13', '2019-12-04 16:46:50');
INSERT INTO `t_menu` VALUES (4, 1, '角色管理', '/system/role', 'role:view', '', '0', 2, '2017-12-27 16:48:09', '2019-06-13 08:57:19');
INSERT INTO `t_menu` VALUES (5, 1, '菜单管理', '/system/menu', 'menu:view', '', '0', 3, '2017-12-27 16:48:57', '2019-06-13 08:57:34');
INSERT INTO `t_menu` VALUES (6, 1, '部门管理', '/system/dept', 'dept:view', '', '0', 4, '2017-12-27 16:57:33', '2019-06-14 19:56:00');
INSERT INTO `t_menu` VALUES (8, 2, '在线用户', '/monitor/online', 'online:view', '', '0', 1, '2017-12-27 16:59:33', '2019-06-13 14:30:31');
INSERT INTO `t_menu` VALUES (10, 2, '系统日志', '/monitor/log', 'log:view', '', '0', 2, '2017-12-27 17:00:50', '2019-06-13 14:30:37');
INSERT INTO `t_menu` VALUES (11, 3, '新增用户', NULL, 'user:add', NULL, '1', NULL, '2017-12-27 17:02:58', NULL);
INSERT INTO `t_menu` VALUES (12, 3, '修改用户', NULL, 'user:update', NULL, '1', NULL, '2017-12-27 17:04:07', NULL);
INSERT INTO `t_menu` VALUES (13, 3, '删除用户', NULL, 'user:delete', NULL, '1', NULL, '2017-12-27 17:04:58', NULL);
INSERT INTO `t_menu` VALUES (14, 4, '新增角色', NULL, 'role:add', NULL, '1', NULL, '2017-12-27 17:06:38', NULL);
INSERT INTO `t_menu` VALUES (15, 4, '修改角色', NULL, 'role:update', NULL, '1', NULL, '2017-12-27 17:06:38', NULL);
INSERT INTO `t_menu` VALUES (16, 4, '删除角色', NULL, 'role:delete', NULL, '1', NULL, '2017-12-27 17:06:38', NULL);
INSERT INTO `t_menu` VALUES (17, 5, '新增菜单', NULL, 'menu:add', NULL, '1', NULL, '2017-12-27 17:08:02', NULL);
INSERT INTO `t_menu` VALUES (18, 5, '修改菜单', NULL, 'menu:update', NULL, '1', NULL, '2017-12-27 17:08:02', NULL);
INSERT INTO `t_menu` VALUES (19, 5, '删除菜单', NULL, 'menu:delete', NULL, '1', NULL, '2017-12-27 17:08:02', NULL);
INSERT INTO `t_menu` VALUES (20, 6, '新增部门', NULL, 'dept:add', NULL, '1', NULL, '2017-12-27 17:09:24', NULL);
INSERT INTO `t_menu` VALUES (21, 6, '修改部门', NULL, 'dept:update', NULL, '1', NULL, '2017-12-27 17:09:24', NULL);
INSERT INTO `t_menu` VALUES (22, 6, '删除部门', NULL, 'dept:delete', NULL, '1', NULL, '2017-12-27 17:09:24', NULL);
INSERT INTO `t_menu` VALUES (23, 8, '踢出用户', NULL, 'user:kickout', NULL, '1', NULL, '2017-12-27 17:11:13', NULL);
INSERT INTO `t_menu` VALUES (24, 10, '删除日志', NULL, 'log:delete', NULL, '1', NULL, '2017-12-27 17:11:45', '2019-06-06 05:56:40');
INSERT INTO `t_menu` VALUES (101, 0, '任务调度', NULL, NULL, 'layui-icon-time-circle', '0', 3, '2018-02-24 15:52:57', NULL);
INSERT INTO `t_menu` VALUES (102, 101, '定时任务', '/job/job', 'job:view', '', '0', 1, '2018-02-24 15:53:53', '2018-04-25 09:05:12');
INSERT INTO `t_menu` VALUES (103, 102, '新增任务', NULL, 'job:add', NULL, '1', NULL, '2018-02-24 15:55:10', NULL);
INSERT INTO `t_menu` VALUES (104, 102, '修改任务', NULL, 'job:update', NULL, '1', NULL, '2018-02-24 15:55:53', NULL);
INSERT INTO `t_menu` VALUES (105, 102, '删除任务', NULL, 'job:delete', NULL, '1', NULL, '2018-02-24 15:56:18', NULL);
INSERT INTO `t_menu` VALUES (106, 102, '暂停任务', NULL, 'job:pause', NULL, '1', NULL, '2018-02-24 15:57:08', NULL);
INSERT INTO `t_menu` VALUES (107, 102, '恢复任务', NULL, 'job:resume', NULL, '1', NULL, '2018-02-24 15:58:21', NULL);
INSERT INTO `t_menu` VALUES (108, 102, '立即执行任务', NULL, 'job:run', NULL, '1', NULL, '2018-02-24 15:59:45', NULL);
INSERT INTO `t_menu` VALUES (109, 101, '调度日志', '/job/log', 'job:log:view', '', '0', 2, '2018-02-24 16:00:45', '2019-06-09 02:48:19');
INSERT INTO `t_menu` VALUES (110, 109, '删除日志', NULL, 'job:log:delete', NULL, '1', NULL, '2018-02-24 16:01:21', NULL);
INSERT INTO `t_menu` VALUES (115, 0, '其他模块', NULL, NULL, 'layui-icon-gift', '0', 5, '2019-05-27 10:18:07', NULL);
INSERT INTO `t_menu` VALUES (116, 115, 'Apex图表', '', '', NULL, '0', 2, '2019-05-27 10:21:35', NULL);
INSERT INTO `t_menu` VALUES (117, 116, '线性图表', '/others/apex/line', 'apex:line:view', NULL, '0', 1, '2019-05-27 10:24:49', NULL);
INSERT INTO `t_menu` VALUES (118, 115, '高德地图', '/others/map', 'map:view', '', '0', 3, '2019-05-27 17:13:12', '2019-06-12 15:33:00');
INSERT INTO `t_menu` VALUES (119, 116, '面积图表', '/others/apex/area', 'apex:area:view', NULL, '0', 2, '2019-05-27 18:49:22', NULL);
INSERT INTO `t_menu` VALUES (120, 116, '柱形图表', '/others/apex/column', 'apex:column:view', NULL, '0', 3, '2019-05-27 18:51:33', NULL);
INSERT INTO `t_menu` VALUES (121, 116, '雷达图表', '/others/apex/radar', 'apex:radar:view', NULL, '0', 4, '2019-05-27 18:56:05', NULL);
INSERT INTO `t_menu` VALUES (122, 116, '条形图表', '/others/apex/bar', 'apex:bar:view', NULL, '0', 5, '2019-05-27 18:57:02', NULL);
INSERT INTO `t_menu` VALUES (123, 116, '混合图表', '/others/apex/mix', 'apex:mix:view', '', '0', 6, '2019-05-27 18:58:04', '2019-06-06 02:55:23');
INSERT INTO `t_menu` VALUES (125, 115, '导入导出', '/others/eximport', 'others:eximport:view', '', '0', 4, '2019-05-27 19:01:57', '2019-06-13 01:20:14');
INSERT INTO `t_menu` VALUES (126, 132, '系统图标', '/others/febs/icon', 'febs:icons:view', '', '0', 4, '2019-05-27 19:03:18', '2019-06-06 03:05:26');
INSERT INTO `t_menu` VALUES (127, 2, '请求追踪', '/monitor/httptrace', 'httptrace:view', '', '0', 6, '2019-05-27 19:06:38', '2019-06-13 14:36:43');
INSERT INTO `t_menu` VALUES (128, 2, '系统信息', NULL, NULL, NULL, '0', 7, '2019-05-27 19:08:23', NULL);
INSERT INTO `t_menu` VALUES (129, 128, 'JVM信息', '/monitor/jvm', 'jvm:view', '', '0', 1, '2019-05-27 19:08:50', '2019-06-13 14:36:51');
INSERT INTO `t_menu` VALUES (131, 128, '服务器信息', '/monitor/server', 'server:view', '', '0', 3, '2019-05-27 19:10:07', '2019-06-13 14:37:04');
INSERT INTO `t_menu` VALUES (132, 115, 'FEBS组件', '', '', NULL, '0', 1, '2019-05-27 19:13:54', NULL);
INSERT INTO `t_menu` VALUES (133, 132, '表单组件', '/others/febs/form', 'febs:form:view', NULL, '0', 1, '2019-05-27 19:14:45', NULL);
INSERT INTO `t_menu` VALUES (134, 132, 'FEBS工具', '/others/febs/tools', 'febs:tools:view', '', '0', 3, '2019-05-29 10:11:22', '2019-06-12 13:21:27');
INSERT INTO `t_menu` VALUES (135, 132, '表单组合', '/others/febs/form/group', 'febs:formgroup:view', NULL, '0', 2, '2019-05-29 10:16:19', NULL);
INSERT INTO `t_menu` VALUES (136, 2, '登录日志', '/monitor/loginlog', 'loginlog:view', '', '0', 3, '2019-05-29 15:56:15', '2019-06-13 14:35:56');
INSERT INTO `t_menu` VALUES (137, 0, '代码生成', '', NULL, 'layui-icon-verticalright', '0', 4, '2019-06-03 15:35:58', NULL);
INSERT INTO `t_menu` VALUES (138, 137, '生成配置', '/generator/configure', 'generator:configure:view', NULL, '0', 1, '2019-06-03 15:38:36', NULL);
INSERT INTO `t_menu` VALUES (139, 137, '代码生成', '/generator/generator', 'generator:view', '', '0', 2, '2019-06-03 15:39:15', '2019-06-13 14:31:38');
INSERT INTO `t_menu` VALUES (159, 132, '其他组件', '/others/febs/others', 'others:febs:others', '', '0', 5, '2019-06-12 07:51:08', '2019-06-12 07:51:40');
INSERT INTO `t_menu` VALUES (160, 3, '密码重置', NULL, 'user:password:reset', NULL, '1', NULL, '2019-06-13 08:40:13', NULL);
INSERT INTO `t_menu` VALUES (161, 3, '导出Excel', NULL, 'user:export', NULL, '1', NULL, '2019-06-13 08:40:34', NULL);
INSERT INTO `t_menu` VALUES (162, 4, '导出Excel', NULL, 'role:export', NULL, '1', NULL, '2019-06-13 14:29:00', '2019-06-13 14:29:11');
INSERT INTO `t_menu` VALUES (163, 5, '导出Excel', NULL, 'menu:export', NULL, '1', NULL, '2019-06-13 14:29:32', NULL);
INSERT INTO `t_menu` VALUES (164, 6, '导出Excel', NULL, 'dept:export', NULL, '1', NULL, '2019-06-13 14:29:59', NULL);
INSERT INTO `t_menu` VALUES (165, 138, '修改配置', NULL, 'generator:configure:update', NULL, '1', NULL, '2019-06-13 14:32:09', '2019-06-13 14:32:20');
INSERT INTO `t_menu` VALUES (166, 139, '生成代码', NULL, 'generator:generate', NULL, '1', NULL, '2019-06-13 14:32:51', NULL);
INSERT INTO `t_menu` VALUES (167, 125, '模板下载', NULL, 'eximport:template', NULL, '1', NULL, '2019-06-13 14:33:37', NULL);
INSERT INTO `t_menu` VALUES (168, 125, '导出Excel', NULL, 'eximport:export', NULL, '1', NULL, '2019-06-13 14:33:57', NULL);
INSERT INTO `t_menu` VALUES (169, 125, '导入Excel', NULL, 'eximport:import', NULL, '1', NULL, '2019-06-13 14:34:19', NULL);
INSERT INTO `t_menu` VALUES (170, 10, '导出Excel', NULL, 'log:export', NULL, '1', NULL, '2019-06-13 14:34:55', NULL);
INSERT INTO `t_menu` VALUES (171, 136, '删除日志', NULL, 'loginlog:delete', NULL, '1', NULL, '2019-06-13 14:35:27', '2019-06-13 14:36:08');
INSERT INTO `t_menu` VALUES (172, 136, '导出Excel', NULL, 'loginlog:export', NULL, '1', NULL, '2019-06-13 14:36:26', NULL);
INSERT INTO `t_menu` VALUES (173, 102, '导出Excel', NULL, 'job:export', NULL, '1', NULL, '2019-06-13 14:37:25', NULL);
INSERT INTO `t_menu` VALUES (174, 109, '导出Excel', NULL, 'job:log:export', NULL, '1', NULL, '2019-06-13 14:37:46', '2019-06-13 14:38:02');
INSERT INTO `t_menu` VALUES (175, 2, 'Swagger文档', '/monitor/swagger', 'swagger:view', '', '0', 8, '2019-08-18 17:25:36', '2019-08-18 17:25:59');

-- ----------------------------
-- Table structure for t_role
-- ----------------------------
DROP TABLE IF EXISTS `t_role`;
CREATE TABLE `t_role`  (
  `ROLE_ID` bigint(20) NOT NULL AUTO_INCREMENT COMMENT '角色ID',
  `ROLE_NAME` varchar(100) CHARACTER SET utf8 COLLATE utf8_general_ci NOT NULL COMMENT '角色名称',
  `REMARK` varchar(100) CHARACTER SET utf8 COLLATE utf8_general_ci NULL DEFAULT NULL COMMENT '角色描述',
  `CREATE_TIME` datetime(0) NOT NULL COMMENT '创建时间',
  `MODIFY_TIME` datetime(0) NULL DEFAULT NULL COMMENT '修改时间',
  PRIMARY KEY (`ROLE_ID`) USING BTREE
) ENGINE = InnoDB AUTO_INCREMENT = 81 CHARACTER SET = utf8 COLLATE = utf8_general_ci COMMENT = '角色表' ROW_FORMAT = Dynamic;

-- ----------------------------
-- Records of t_role
-- ----------------------------
INSERT INTO `t_role` VALUES (1, '系统管理员', '系统管理员，拥有所有操作权限 ^_^', '2019-06-14 16:23:11', '2019-08-18 17:26:19');
INSERT INTO `t_role` VALUES (2, '注册账户', '注册账户，拥有查看，新增权限（新增用户除外）和导出Excel权限', '2019-06-14 16:00:15', '2019-08-18 17:36:02');
INSERT INTO `t_role` VALUES (77, 'Redis监控员', '负责Redis模块', '2019-06-14 20:49:22', NULL);
INSERT INTO `t_role` VALUES (78, '系统监控员', '负责整个系统监控模块', '2019-06-14 20:50:07', NULL);
INSERT INTO `t_role` VALUES (79, '跑批人员', '负责任务调度跑批模块', '2019-06-14 20:51:02', NULL);
INSERT INTO `t_role` VALUES (80, '开发人员', '拥有代码生成模块的权限', '2019-06-14 20:51:26', NULL);

-- ----------------------------
-- Table structure for t_role_menu
-- ----------------------------
DROP TABLE IF EXISTS `t_role_menu`;
CREATE TABLE `t_role_menu`  (
  `ROLE_ID` bigint(20) NOT NULL COMMENT '角色ID',
  `MENU_ID` bigint(20) NOT NULL COMMENT '菜单/按钮ID',
  INDEX `t_role_menu_menu_id`(`MENU_ID`) USING BTREE,
  INDEX `t_role_menu_role_id`(`ROLE_ID`) USING BTREE
) ENGINE = InnoDB CHARACTER SET = utf8 COLLATE = utf8_general_ci COMMENT = '角色菜单关联表' ROW_FORMAT = Dynamic;

-- ----------------------------
-- Records of t_role_menu
-- ----------------------------
INSERT INTO `t_role_menu` VALUES (77, 2);
INSERT INTO `t_role_menu` VALUES (78, 2);
INSERT INTO `t_role_menu` VALUES (78, 8);
INSERT INTO `t_role_menu` VALUES (78, 23);
INSERT INTO `t_role_menu` VALUES (78, 10);
INSERT INTO `t_role_menu` VALUES (78, 24);
INSERT INTO `t_role_menu` VALUES (78, 170);
INSERT INTO `t_role_menu` VALUES (78, 136);
INSERT INTO `t_role_menu` VALUES (78, 171);
INSERT INTO `t_role_menu` VALUES (78, 172);
INSERT INTO `t_role_menu` VALUES (78, 127);
INSERT INTO `t_role_menu` VALUES (78, 128);
INSERT INTO `t_role_menu` VALUES (78, 129);
INSERT INTO `t_role_menu` VALUES (78, 131);
INSERT INTO `t_role_menu` VALUES (79, 101);
INSERT INTO `t_role_menu` VALUES (79, 102);
INSERT INTO `t_role_menu` VALUES (79, 103);
INSERT INTO `t_role_menu` VALUES (79, 104);
INSERT INTO `t_role_menu` VALUES (79, 105);
INSERT INTO `t_role_menu` VALUES (79, 106);
INSERT INTO `t_role_menu` VALUES (79, 107);
INSERT INTO `t_role_menu` VALUES (79, 108);
INSERT INTO `t_role_menu` VALUES (79, 173);
INSERT INTO `t_role_menu` VALUES (79, 109);
INSERT INTO `t_role_menu` VALUES (79, 110);
INSERT INTO `t_role_menu` VALUES (79, 174);
INSERT INTO `t_role_menu` VALUES (80, 137);
INSERT INTO `t_role_menu` VALUES (80, 138);
INSERT INTO `t_role_menu` VALUES (80, 165);
INSERT INTO `t_role_menu` VALUES (80, 139);
INSERT INTO `t_role_menu` VALUES (80, 166);
INSERT INTO `t_role_menu` VALUES (1, 1);
INSERT INTO `t_role_menu` VALUES (1, 3);
INSERT INTO `t_role_menu` VALUES (1, 11);
INSERT INTO `t_role_menu` VALUES (1, 12);
INSERT INTO `t_role_menu` VALUES (1, 13);
INSERT INTO `t_role_menu` VALUES (1, 160);
INSERT INTO `t_role_menu` VALUES (1, 161);
INSERT INTO `t_role_menu` VALUES (1, 4);
INSERT INTO `t_role_menu` VALUES (1, 14);
INSERT INTO `t_role_menu` VALUES (1, 15);
INSERT INTO `t_role_menu` VALUES (1, 16);
INSERT INTO `t_role_menu` VALUES (1, 162);
INSERT INTO `t_role_menu` VALUES (1, 5);
INSERT INTO `t_role_menu` VALUES (1, 17);
INSERT INTO `t_role_menu` VALUES (1, 18);
INSERT INTO `t_role_menu` VALUES (1, 19);
INSERT INTO `t_role_menu` VALUES (1, 163);
INSERT INTO `t_role_menu` VALUES (1, 6);
INSERT INTO `t_role_menu` VALUES (1, 20);
INSERT INTO `t_role_menu` VALUES (1, 21);
INSERT INTO `t_role_menu` VALUES (1, 22);
INSERT INTO `t_role_menu` VALUES (1, 164);
INSERT INTO `t_role_menu` VALUES (1, 2);
INSERT INTO `t_role_menu` VALUES (1, 8);
INSERT INTO `t_role_menu` VALUES (1, 23);
INSERT INTO `t_role_menu` VALUES (1, 10);
INSERT INTO `t_role_menu` VALUES (1, 24);
INSERT INTO `t_role_menu` VALUES (1, 170);
INSERT INTO `t_role_menu` VALUES (1, 136);
INSERT INTO `t_role_menu` VALUES (1, 171);
INSERT INTO `t_role_menu` VALUES (1, 172);
INSERT INTO `t_role_menu` VALUES (1, 127);
INSERT INTO `t_role_menu` VALUES (1, 128);
INSERT INTO `t_role_menu` VALUES (1, 129);
INSERT INTO `t_role_menu` VALUES (1, 131);
INSERT INTO `t_role_menu` VALUES (1, 175);
INSERT INTO `t_role_menu` VALUES (1, 101);
INSERT INTO `t_role_menu` VALUES (1, 102);
INSERT INTO `t_role_menu` VALUES (1, 103);
INSERT INTO `t_role_menu` VALUES (1, 104);
INSERT INTO `t_role_menu` VALUES (1, 105);
INSERT INTO `t_role_menu` VALUES (1, 106);
INSERT INTO `t_role_menu` VALUES (1, 107);
INSERT INTO `t_role_menu` VALUES (1, 108);
INSERT INTO `t_role_menu` VALUES (1, 173);
INSERT INTO `t_role_menu` VALUES (1, 109);
INSERT INTO `t_role_menu` VALUES (1, 110);
INSERT INTO `t_role_menu` VALUES (1, 174);
INSERT INTO `t_role_menu` VALUES (1, 137);
INSERT INTO `t_role_menu` VALUES (1, 138);
INSERT INTO `t_role_menu` VALUES (1, 165);
INSERT INTO `t_role_menu` VALUES (1, 139);
INSERT INTO `t_role_menu` VALUES (1, 166);
INSERT INTO `t_role_menu` VALUES (1, 115);
INSERT INTO `t_role_menu` VALUES (1, 132);
INSERT INTO `t_role_menu` VALUES (1, 133);
INSERT INTO `t_role_menu` VALUES (1, 135);
INSERT INTO `t_role_menu` VALUES (1, 134);
INSERT INTO `t_role_menu` VALUES (1, 126);
INSERT INTO `t_role_menu` VALUES (1, 159);
INSERT INTO `t_role_menu` VALUES (1, 116);
INSERT INTO `t_role_menu` VALUES (1, 117);
INSERT INTO `t_role_menu` VALUES (1, 119);
INSERT INTO `t_role_menu` VALUES (1, 120);
INSERT INTO `t_role_menu` VALUES (1, 121);
INSERT INTO `t_role_menu` VALUES (1, 122);
INSERT INTO `t_role_menu` VALUES (1, 123);
INSERT INTO `t_role_menu` VALUES (1, 118);
INSERT INTO `t_role_menu` VALUES (1, 125);
INSERT INTO `t_role_menu` VALUES (1, 167);
INSERT INTO `t_role_menu` VALUES (1, 168);
INSERT INTO `t_role_menu` VALUES (1, 169);
INSERT INTO `t_role_menu` VALUES (2, 1);
INSERT INTO `t_role_menu` VALUES (2, 3);
INSERT INTO `t_role_menu` VALUES (2, 161);
INSERT INTO `t_role_menu` VALUES (2, 4);
INSERT INTO `t_role_menu` VALUES (2, 14);
INSERT INTO `t_role_menu` VALUES (2, 162);
INSERT INTO `t_role_menu` VALUES (2, 5);
INSERT INTO `t_role_menu` VALUES (2, 17);
INSERT INTO `t_role_menu` VALUES (2, 163);
INSERT INTO `t_role_menu` VALUES (2, 6);
INSERT INTO `t_role_menu` VALUES (2, 20);
INSERT INTO `t_role_menu` VALUES (2, 164);
INSERT INTO `t_role_menu` VALUES (2, 2);
INSERT INTO `t_role_menu` VALUES (2, 8);
INSERT INTO `t_role_menu` VALUES (2, 10);
INSERT INTO `t_role_menu` VALUES (2, 170);
INSERT INTO `t_role_menu` VALUES (2, 136);
INSERT INTO `t_role_menu` VALUES (2, 172);
INSERT INTO `t_role_menu` VALUES (2, 127);
INSERT INTO `t_role_menu` VALUES (2, 128);
INSERT INTO `t_role_menu` VALUES (2, 129);
INSERT INTO `t_role_menu` VALUES (2, 131);
INSERT INTO `t_role_menu` VALUES (2, 175);
INSERT INTO `t_role_menu` VALUES (2, 101);
INSERT INTO `t_role_menu` VALUES (2, 102);
INSERT INTO `t_role_menu` VALUES (2, 173);
INSERT INTO `t_role_menu` VALUES (2, 109);
INSERT INTO `t_role_menu` VALUES (2, 174);
INSERT INTO `t_role_menu` VALUES (2, 137);
INSERT INTO `t_role_menu` VALUES (2, 138);
INSERT INTO `t_role_menu` VALUES (2, 139);
INSERT INTO `t_role_menu` VALUES (2, 115);
INSERT INTO `t_role_menu` VALUES (2, 132);
INSERT INTO `t_role_menu` VALUES (2, 133);
INSERT INTO `t_role_menu` VALUES (2, 135);
INSERT INTO `t_role_menu` VALUES (2, 134);
INSERT INTO `t_role_menu` VALUES (2, 126);
INSERT INTO `t_role_menu` VALUES (2, 159);
INSERT INTO `t_role_menu` VALUES (2, 116);
INSERT INTO `t_role_menu` VALUES (2, 117);
INSERT INTO `t_role_menu` VALUES (2, 119);
INSERT INTO `t_role_menu` VALUES (2, 120);
INSERT INTO `t_role_menu` VALUES (2, 121);
INSERT INTO `t_role_menu` VALUES (2, 122);
INSERT INTO `t_role_menu` VALUES (2, 123);
INSERT INTO `t_role_menu` VALUES (2, 118);
INSERT INTO `t_role_menu` VALUES (2, 125);
INSERT INTO `t_role_menu` VALUES (2, 167);
INSERT INTO `t_role_menu` VALUES (2, 168);
INSERT INTO `t_role_menu` VALUES (2, 169);

-- ----------------------------
-- Table structure for t_user
-- ----------------------------
DROP TABLE IF EXISTS `t_user`;
CREATE TABLE `t_user`  (
  `USER_ID` bigint(20) NOT NULL AUTO_INCREMENT COMMENT '用户ID',
  `USERNAME` varchar(50) CHARACTER SET utf8 COLLATE utf8_general_ci NOT NULL COMMENT '用户名',
  `PASSWORD` varchar(128) CHARACTER SET utf8 COLLATE utf8_general_ci NOT NULL COMMENT '密码',
  `DEPT_ID` bigint(20) NULL DEFAULT NULL COMMENT '部门ID',
  `EMAIL` varchar(128) CHARACTER SET utf8 COLLATE utf8_general_ci NULL DEFAULT NULL COMMENT '邮箱',
  `MOBILE` varchar(20) CHARACTER SET utf8 COLLATE utf8_general_ci NULL DEFAULT NULL COMMENT '联系电话',
  `STATUS` char(1) CHARACTER SET utf8 COLLATE utf8_general_ci NOT NULL COMMENT '状态 0锁定 1有效',
  `CREATE_TIME` datetime(0) NOT NULL COMMENT '创建时间',
  `MODIFY_TIME` datetime(0) NULL DEFAULT NULL COMMENT '修改时间',
  `LAST_LOGIN_TIME` datetime(0) NULL DEFAULT NULL COMMENT '最近访问时间',
  `SSEX` char(1) CHARACTER SET utf8 COLLATE utf8_general_ci NULL DEFAULT NULL COMMENT '性别 0男 1女 2保密',
  `IS_TAB` char(1) CHARACTER SET utf8 COLLATE utf8_general_ci NULL DEFAULT NULL COMMENT '是否开启tab，0关闭 1开启',
  `THEME` varchar(10) CHARACTER SET utf8 COLLATE utf8_general_ci NULL DEFAULT NULL COMMENT '主题',
  `AVATAR` varchar(100) CHARACTER SET utf8 COLLATE utf8_general_ci NULL DEFAULT NULL COMMENT '头像',
  `DESCRIPTION` varchar(100) CHARACTER SET utf8 COLLATE utf8_general_ci NULL DEFAULT NULL COMMENT '描述',
  PRIMARY KEY (`USER_ID`) USING BTREE,
  INDEX `t_user_username`(`USERNAME`) USING BTREE,
  INDEX `t_user_mobile`(`MOBILE`) USING BTREE
) ENGINE = InnoDB AUTO_INCREMENT = 8 CHARACTER SET = utf8 COLLATE = utf8_general_ci COMMENT = '用户表' ROW_FORMAT = Dynamic;

-- ----------------------------
-- Records of t_user
-- ----------------------------
INSERT INTO `t_user` VALUES (1, 'MrBird', 'cb62ad1497597283961545d608f80241', 1, 'mrbird@qq.com', '17788888888', '1', '2019-06-14 20:39:22', '2019-12-04 16:47:11', '2020-05-26 16:50:49', '0', '1', 'black', 'cnrhVkzwxjPwAaCfPbdc.png', '我是帅比作者。');
INSERT INTO `t_user` VALUES (2, 'Scott', '1d685729d113cfd03872f154939bee1c', 10, 'scott@gmail.com', '17722222222', '1', '2019-06-14 20:55:53', '2019-06-14 21:05:43', '2019-08-18 17:36:18', '0', '1', 'black', 'gaOngJwsRYRaVAuXXcmB.png', '我是scott。');
INSERT INTO `t_user` VALUES (3, 'Reina', '1461afff857c02afbfb768aa3771503d', 4, 'Reina@hotmail.com', '17711111111', '0', '2019-06-14 21:07:38', '2019-06-14 21:09:06', '2019-06-14 21:08:26', '1', '1', 'black', '5997fedcc7bd4cffbd350b40d1b5b987.jpg', '由于公款私用，已被封禁。');
INSERT INTO `t_user` VALUES (4, 'Micaela', '9f2daa2c7bed6870fcbb5b9a51d6300e', 10, 'Micaela@163.com', '17733333333', '1', '2019-06-14 21:10:13', '2019-06-14 21:11:26', '2019-06-14 21:10:37', '0', '0', 'white', '20180414165909.jpg', '我叫米克拉');
INSERT INTO `t_user` VALUES (5, 'Jana', '176679b77b3c3e352bd3b30ddc81083e', 8, 'Jana@126.com', '17744444444', '1', '2019-06-14 21:12:16', '2019-06-14 21:12:52', '2019-06-14 21:12:32', '1', '1', 'white', '20180414165821.jpg', '大家好，我叫简娜');
INSERT INTO `t_user` VALUES (6, 'Georgie', 'dffc683378cdaa015a0ee9554c532225', 3, 'Georgie@qq.com', '17766666666', '0', '2019-06-14 21:15:09', '2019-06-14 21:16:25', '2019-06-14 21:16:11', '2', '0', 'black', 'BiazfanxmamNRoxxVxka.png', '生产执行rm -rf *，账号封禁T T');
INSERT INTO `t_user` VALUES (7, 'Margot', '31379841b9f4bfde22b8b40471e9a6ce', 9, 'Margot@qq.com', '13444444444', '1', '2019-06-14 21:17:53', '2019-06-14 21:18:59', '2019-06-14 21:18:07', '1', '1', 'white', '20180414165834.jpg', '大家好我叫玛戈');

-- ----------------------------
-- Table structure for t_user_role
-- ----------------------------
DROP TABLE IF EXISTS `t_user_role`;
CREATE TABLE `t_user_role`  (
  `USER_ID` bigint(20) NOT NULL COMMENT '用户ID',
  `ROLE_ID` bigint(20) NOT NULL COMMENT '角色ID',
  INDEX `t_user_role_user_id`(`USER_ID`) USING BTREE,
  INDEX `t_user_role_role_id`(`ROLE_ID`) USING BTREE
) ENGINE = InnoDB CHARACTER SET = utf8 COLLATE = utf8_general_ci COMMENT = '用户角色关联表' ROW_FORMAT = Dynamic;

-- ----------------------------
-- Records of t_user_role
-- ----------------------------
INSERT INTO `t_user_role` VALUES (1, 1);
INSERT INTO `t_user_role` VALUES (2, 2);
INSERT INTO `t_user_role` VALUES (3, 77);
INSERT INTO `t_user_role` VALUES (4, 78);
INSERT INTO `t_user_role` VALUES (5, 79);
INSERT INTO `t_user_role` VALUES (6, 80);
INSERT INTO `t_user_role` VALUES (7, 78);
INSERT INTO `t_user_role` VALUES (7, 79);
INSERT INTO `t_user_role` VALUES (7, 80);

SET FOREIGN_KEY_CHECKS = 1;
